CASE_ID,ACCIDENT_YEAR,PROC_DATE,JURIS,COLLISION_DATE,COLLISION_TIME,OFFICER_ID,REPORTING_DISTRICT,DAY_OF_WEEK,CHP_SHIFT,POPULATION,CNTY_CITY_LOC,SPECIAL_COND,BEAT_TYPE,CHP_BEAT_TYPE,CITY_DIVISION_LAPD,CHP_BEAT_CLASS,BEAT_NUMBER,PRIMARY_RD,SECONDARY_RD,DISTANCE,DIRECTION,INTERSECTION,WEATHER_1,WEATHER_2,STATE_HWY_IND,CALTRANS_COUNTY,CALTRANS_DISTRICT,STATE_ROUTE,ROUTE_SUFFIX,POSTMILE_PREFIX,POSTMILE,LOCATION_TYPE,RAMP_INTERSECTION,SIDE_OF_HWY,TOW_AWAY,COLLISION_SEVERITY,NUMBER_KILLED,NUMBER_INJURED,PARTY_COUNT,PRIMARY_COLL_FACTOR,PCF_CODE_OF_VIOL,PCF_VIOL_CATEGORY,PCF_VIOLATION,PCF_VIOL_SUBSECTION,HIT_AND_RUN,TYPE_OF_COLLISION,MVIW,PED_ACTION,ROAD_SURFACE,ROAD_COND_1,ROAD_COND_2,LIGHTING,CONTROL_DEVICE,CHP_ROAD_TYPE,PEDESTRIAN_ACCIDENT,BICYCLE_ACCIDENT,MOTORCYCLE_ACCIDENT,TRUCK_ACCIDENT,NOT_PRIVATE_PROPERTY,ALCOHOL_INVOLVED,STWD_VEHTYPE_AT_FAULT,CHP_VEHTYPE_AT_FAULT,COUNT_SEVERE_INJ,COUNT_VISIBLE_INJ,COUNT_COMPLAINT_PAIN,COUNT_PED_KILLED,COUNT_PED_INJURED,COUNT_BICYCLIST_KILLED,COUNT_BICYCLIST_INJURED,COUNT_MC_KILLED,COUNT_MC_INJURED,PRIMARY_RAMP,SECONDARY_RAMP,LATITUDE,LONGITUDE,COUNTY,CITY,POINT_X,POINT_Y
90075994,2015,2016-01-05,9130,2015-11-23,2032,014975,,1,2,9,5200,0,2,4,,2,034,"HIGHWAY 99W","OLIVEWOOD AVENUE",440.00,N,N,A,-,N,,,,,,,,,,Y,1,1,1,2,A,-,08,22107,,N,E,I,A,A,H,-,D,D,0,,,,,Y,,A,07,1,0,0,0,0,0,0,0,0,"- ","- ",39.8795,-122.1974,TEHAMA,UNINCORPORATED,-122.19742863,39.879008259999999
91274638,2020,2020-07-27,9130,2020-06-24,0100,020580,,3,3,9,5200,0,3,5,,2,020,"GYLE RD.","PASKENTA RD",1584.00,E,N,A,-,N,,,,,,,,,,Y,1,1,1,1,A,-,01,23152,A,N,E,I,A,A,H,-,D,D,0,,,,,Y,Y,D,22,1,0,0,0,0,0,0,0,0,"- ","- ",40.001129150390625,-122.29415130615234,TEHAMA,UNINCORPORATED,-122.29322814941406,40.001483917236328
8939055,2019,2021-05-28,5202,2019-09-20,1945,1015,RBPD,5,5,3,5202,0,0,0,,0,,"RT 99","SISTER MARY COLUMBA DR",621.00,S,N,A,-,N,,,,,,,,,,Y,1,1,0,1,A,-,08,22107,,N,E,I,A,A,H,-,D,D,0,,,,,Y,Y,A,01,0,0,0,0,0,0,0,0,0,"- ","- ",,,TEHAMA,"RED BLUFF",-122.2161865234375,40.147686004638672
90233393,2016,2016-07-29,9130,2016-07-22,1715,016447,,5,2,9,5200,0,1,1,,2,051,"INTERSTATE 5 (I-5) S/B","SUNSET HILLS DR O/C",665.00,S,N,A,-,Y,,,5,,,,,,S,Y,2,0,1,1,A,-,08,22107,,N,F,A,A,A,H,-,A,D,0,,,,,Y,,D,22,1,0,0,0,0,0,0,0,0,"- ","- ",40.32882,-122.28143,TEHAMA,UNINCORPORATED,-122.28151497,40.328814950000002
92206050,2023,2023-10-23,9130,2023-10-09,1322,015824,,1,1,3,5202,0,1,1,,2,051,"INTERSTATE 5 NORTHBOUND","HOOKER CREEK RD",6864.00,N,N,A,-,Y,TEH,,5," "," ",37.703,H,,R,Y,2,0,3,2,A,-,03,22350,,N,C,C,A,A,H,-,A,D,0,,,,,Y,,A,01,1,2,0,0,0,0,0,0,0,"- ","- ",40.312328338623047,-122.28009033203125,TEHAMA,"RED BLUFF",-122.28005218505859,40.312332153320312
90530151,2017,2017-08-24,9140,2017-07-16,1520,013571,,7,2,9,5200,0,1,3,,2,063,"STATE ROUTE 36 (SR-36)","TRAMWAY RD.",7392.00,E,N,A,-,Y,,,,,,,,,,Y,1,1,1,1,A,-,03,22350,,N,F,A,A,A,D,-,A,A,0,,,Y,,Y,,C,02,0,1,0,0,0,0,0,1,1,"- ","- ",,,TEHAMA,UNINCORPORATED,,
91680611,2022,2022-01-19,9130,2022-01-09,1000,018812,,7,1,9,5200,0,3,5,,2,030,"JELLYS FERRY ROAD","JULIE LN",250.00,W,N,A,-,N,,,,,,,,,,Y,2,0,1,1,A,-,08,22107,,N,E,I,A,A,H,-,A,D,0,,,,,Y,,D,22,1,0,0,0,0,0,0,0,0,"- ","- ",40.260250091552734,-122.23837280273438,TEHAMA,UNINCORPORATED,-122.23830413818359,40.260272979736328
94564824,2025,2025-02-04,9130,2025-01-01,1620,018837,,3,2,9,5200,0,1,1,,2,051,"I-5 S/B TO LIBERAL AVE","LIBERAL AVE",525.00,N,N,B,-,Y,TEH,,5," ",R,5.871,H,,L,Y,2,0,1,1,A,-,01,23152,A,N,E,8,A,A,H,-,A,D,0,,,,,Y,Y,A,07,1,0,0,0,0,0,0,0,0,"- ","- ",39.883110046386719,-122.20053863525391,TEHAMA,UNINCORPORATED,-122.20027923583984,39.883110046386719
6696941,2014,2016-06-16,9130,2014-10-30,1540,016408,,4,2,9,5200,0,1,1,,2,052,"RT 5","GYLE RD",1056.00,S,N,B,-,Y,TEH,2,5,-,R,13.660,H,-,N,Y,2,0,4,1,A,-,08,22107,,N,F,A,A,A,H,-,A,D,1,,,,,Y,,D,22,1,2,1,0,0,0,0,0,0,"- ","- ",39.996749999999999,-122.20535,TEHAMA,UNINCORPORATED,-122.20499571000001,39.995794310000001
91251454,2020,2020-06-12,9140,2020-05-22,0545,018847,,5,3,9,5200,0,1,3,,2,063,SR-36,"LITTLE GIANT MILL ROAD",5544.00,E,N,A,-,Y,,,36,,,,,,,Y,2,0,1,1,A,-,08,22107,,N,E,I,A,A,H,-,B,D,0,,,,,Y,,D,22,1,0,0,0,0,0,0,0,0,"- ","- ",40.345298767089844,-121.71652984619141,TEHAMA,UNINCORPORATED,-121.7164306640625,40.345157623291016
91869871,2022,2022-09-21,9140,2022-06-09,1638,021815,,4,2,9,5200,0,1,3,,2,063,SR-36,"BATTLE CREEK CAMPGROUND",905.00,W,N,A,-,Y,TEH,,36,,,81.236,H,,R,Y,1,1,1,1,A,-,08,22107,,N,E,I,A,A,H,-,A,D,0,,,,,Y,,A,07,1,0,0,0,0,0,0,0,0,"- ","- ",40.350658416748047,-121.63192749023438,TEHAMA,UNINCORPORATED,-121.63192749023438,40.350593566894531
6942862,2015,2015-06-27,9130,2015-05-22,2000,17562,,5,2,9,5200,0,3,5,,2,010,"RAWSON RD","OHM RD",75.00,S,N,A,-,N,,,,,,,,,,Y,2,0,2,1,A,-,01,23152,A,N,E,I,A,A,H,-,A,A,0,,,,,Y,Y,A,01,1,1,0,0,0,0,0,0,0,"- ","- ",40.112760000000002,-122.23208,TEHAMA,UNINCORPORATED,-122.23226185,40.113344910000002
90141969,2016,2016-03-23,9130,2016-03-14,0805,013996,,1,1,9,5200,0,2,4,,2,013,"BOWMAN ROAD","DRAPER ROAD",368.00,E,N,A,-,N,,,,,,,,,,Y,2,0,4,2,A,-,05,21460,C,N,A,C,A,A,H,-,A,D,0,,,,,Y,,A,07,1,1,2,0,0,0,0,0,0,"- ","- ",40.367449999999998,-122.29259,TEHAMA,UNINCORPORATED,-122.29267908,40.367491049999998
91367788,2020,2020-12-15,9130,2020-12-08,0150,020579,,2,3,9,5200,0,1,1,,2,051,"I-5 N/B FLORES AVE OFF-RAMP","FLORES AVE",574.00,S,N,A,-,Y,,,5,,,,,,N,Y,2,0,1,1,A,-,01,23152,A,N,E,I,A,A,H,-,D,D,0,,,,,Y,Y,A,07,1,0,0,0,0,0,0,0,0,"- ","- ",40.082359313964844,-122.21595001220703,TEHAMA,UNINCORPORATED,-122.21658325195312,40.082332611083984
92003755,2023,2023-02-27,9130,2023-02-18,"130 ",021060,,6,3,9,5200,0,3,5,,2,010,"RED BANK ROAD","JOINT ROAD",5280.00,W,N,A,-,N,,,,,,,,,,Y,2,0,1,1,A,-,01,23152,A,N,E,I,A,A,H,-,D,D,0,,,,,Y,Y,A,01,1,0,0,0,0,0,0,0,0,"- ","- ",40.108310699462891,-122.47412109375,TEHAMA,UNINCORPORATED,-122.47349548339844,40.108493804931641
90545057,2017,2017-09-11,9130,2017-09-03,0350,019041,,7,3,9,5200,0,3,5,,2,020,"TOOMES CAMP RD","PASKENTA RD",44352.00,W,N,A,-,N,,,,,,,,,,Y,2,0,1,1,A,-,01,23152,F,N,E,I,A,A,H,-,D,D,0,,,,,Y,,D,22,1,0,0,0,0,0,0,0,0,"- ","- ",39.898429999999998,-122.64109000000001,TEHAMA,UNINCORPORATED,-122.6267148,39.879112130000003
90157657,2016,2016-04-14,9130,2016-04-06,1530,013996,,3,2,9,5200,0,1,1,,2,051,"SOUTHBOUND I-5","WILCOX RD",1056.00,S,N,A,-,Y,,,5,,,,,,,Y,2,0,4,1,A,-,08,22107,,N,F,A,A,A,H,-,A,D,0,,,,,Y,,A,07,1,3,0,0,0,0,0,0,0,"- ","- ",40.216900000000003,-122.25069999999999,TEHAMA,UNINCORPORATED,-122.25070597,40.216897590000002
91418198,2021,2021-03-01,9130,2021-02-26,0545,019742,,5,3,9,5200,0,2,4,,2,042,"SOUTH AVENUE","MARGUERITE AVENUE",1111.00,E,N,A,-,N,,,,,,,,,,Y,2,0,2,2,A,-,01,23152,F,N,A,C,A,A,H,-,D,D,0,,,,,Y,,D,22,1,1,0,0,0,0,0,0,0,"- ","- ",39.906158447265625,-122.16549682617188,TEHAMA,UNINCORPORATED,-122.16545867919922,39.906200408935547
91779525,2022,2022-05-24,9130,2022-03-20,0145,020579,,7,3,9,5200,0,1,1,,2,051,"I-5 S/B","BOWMAN RD",4957.00,S,N,A,-,Y,TEH,,5,,,40.592,H,,L,Y,1,3,1,2,A,-,08,22107,,N,C,C,A,A,H,-,D,D,0,,,,Y,Y,,A,01,1,0,0,0,0,0,0,0,0,"- ","- ",40.354110717773438,-122.28343963623047,TEHAMA,UNINCORPORATED,-122.28330993652344,40.354114532470703
90121340,2016,2016-07-26,9130,2016-02-05,1255,015667,,5,1,9,5200,0,1,1,,2,051,"I-5 S/B","SUNSET HILLS DR.",1997.00,S,N,A,-,Y,,,5,,,,,,S,Y,1,1,4,4,A,-,03,22350,,N,C,C,A,A,H,-,A,D,0,,,,,Y,,D,22,0,0,4,0,0,0,0,0,0,"- ","- ",40.321599999999997,-122.28086999999999,TEHAMA,UNINCORPORATED,-122.28103643,40.32158647
90524853,2017,2017-09-05,9130,2017-08-04,2500,017227,,5,4,9,5200,0,3,5,,2,010,"EIGHMY RD","CAHOON RIDGE ROAD",267.00,N,N,A,-,N,,,,,,,,,,Y,1,1,0,1,A,-,01,23152,A,N,E,I,A,A,H,-,D,D,0,,,,,Y,Y,D,22,0,0,0,0,0,0,0,0,0,"- ","- ",40.353560000000002,-122.35948,TEHAMA,UNINCORPORATED,-122.35945014000001,40.353622530000003
90912887,2019,2019-01-25,9130,2019-01-20,1555,019792,,7,2,9,5200,0,1,3,,1,032,SR-36,"PONDEROSA WAY",1850.00,W,N,B,-,Y,,,36,,,,,,,Y,2,0,1,1,A,-,03,22350,,N,E,I,A,C,H,-,A,D,0,,,,,Y,,A,01,1,0,0,0,0,0,0,0,0,"- ","- ",40.348400115966797,-121.77030181884766,TEHAMA,UNINCORPORATED,-121.77028656005859,40.348453521728516
91591761,2021,2021-10-08,9130,2021-10-03,0430,020580,,7,3,9,5200,0,1,3,,1,032,SR-36E,"MANTON RD",18480.00,E,N,A,-,N,,,36,,,,,,,Y,2,0,1,1,C,-,18,,,N,H,H,A,A,H,-,D,D,0,,,Y,,Y,,-,"- ",1,0,0,0,0,0,0,0,1,"- ","- ",40.312229156494141,-122.00302124023438,TEHAMA,UNINCORPORATED,-122.00302124023438,40.312232971191406
92395270,2024,2024-05-21,9130,2024-05-14,1810,020212,,2,2,9,5200,0,2,4,,2,035,"SAN BENITO AVENUE","GERBER ROAD",0.00,,Y,A,-,N,,,,,,,,,,Y,2,0,2,2,A,-,09,21802,A,N,D,2,A,A,H,-,A,A,0,,,,,Y,,A,01,1,0,1,0,0,0,0,0,0,"- ","- ",40.047840118408203,-122.14684295654297,TEHAMA,UNINCORPORATED,-122.14679718017578,40.047832489013672
94448276,2024,2024-10-29,9130,2024-10-07,"3   ",019680,,1,3,9,5200,0,1,1,,2,052,"INTERSTATE 5 NORTHBOUND","LIBERAL AVE",6864.00,S,N,A,-,Y,TEH,,5," ",R,4.465,H,,R,N,1,1,4,2,A,-,11,21954,A,N,G,B,E,A,H,-,D,D,0,Y,,,,Y,,N,60,0,1,3,1,0,0,0,0,0,"- ","- ",39.8626708984375,-122.19992828369141,TEHAMA,UNINCORPORATED,-122.19992065429688,39.8626708984375
91957458,2022,2023-01-02,9130,2022-12-16,0649,018710,,5,1,9,5200,0,3,5,,2,010,"BAKER ROAD","DALBY LANE",0.00,,Y,A,-,N,,,,,,,,,,Y,2,0,1,2,A,-,03,22350,,N,D,C,A,A,H,-,D,D,0,,,,Y,Y,,A,01,1,0,0,0,0,0,0,0,0,"- ","- ",40.175559997558594,-122.26097106933594,TEHAMA,UNINCORPORATED,-122.26094818115234,40.175567626953125
8840315,2019,2019-04-25,5202,2019-04-11,2315,1380,RBPD,4,5,3,5202,0,0,0,,0,,"JEFFERSON ST","WALNUT ST",68.00,N,N,A,-,N,,,,,,,,,,N,2,0,1,2,A,-,08,22107,,N,C,E,A,A,H,-,D,D,0,,,,,Y,Y,-,,1,0,0,0,0,0,0,0,0,"- ","- ",40.177398681640625,-122.23777008056641,TEHAMA,"RED BLUFF",-122.23787689208984,40.177524566650391
90612181,2017,2017-12-07,9130,2017-11-27,1810,019840,,1,2,9,5200,0,2,4,,2,034,"ROAD 99W","TEHAMA AVE",200.00,N,N,B,-,N,,,,,,,,,,N,2,0,1,2,A,-,11,21954,A,F,G,B,D,A,H,-,D,D,0,Y,,,,Y,,N,60,1,0,0,0,1,0,0,0,0,"- ","- ",40.013219999999997,-122.10186,TEHAMA,UNINCORPORATED,-122.17174709,40.026634049999998
91115862,2019,2019-11-07,9130,2019-10-31,0820,018812,,4,1,9,5200,0,1,1,,2,051,"I-5 N/B","JELLYS FERRY RD",7920.00,N,N,A,-,Y,,,5,,,,,,N,Y,2,0,1,1,A,-,08,22107,,N,E,I,A,A,H,-,A,D,0,,,,,Y,,D,22,1,0,0,0,0,0,0,0,0,"- ","- ",40.2589111328125,-122.26435089111328,TEHAMA,UNINCORPORATED,-122.26426696777344,40.258941650390625
90933957,2018,2019-02-26,9130,2018-09-07,1405,019110,,5,2,9,5200,0,3,5,,2,010,"RAWSON ROAD","CHARD AVENUE",253.00,N,N,A,-,N,,,,,,,,,,Y,1,1,1,1,A,-,03,22350,,N,E,I,A,A,H,-,A,D,0,,,,,Y,,A,01,1,0,0,0,0,0,0,0,0,"- ","- ",40.070571899414062,-122.23359680175781,TEHAMA,UNINCORPORATED,-122.23359680175781,40.070552825927734
91980457,2023,2023-01-27,9130,2023-01-14,"408 ",022449,,6,3,9,5200,0,1,3,,1,041,"SR-99 S/B","TEHAMA VINA ROAD",1584.00,N,N,C,-,Y,TEH,,99," "," ",7.310,H,,L,Y,2,0,1,2,A,-,11,21950,B,N,G,B,D,B,H,-,D,D,0,Y,,,,Y,Y,N,60,1,0,0,0,1,0,0,0,0,"- ","- ",39.960258483886719,-122.06786346435547,TEHAMA,UNINCORPORATED,-122.06781005859375,39.960334777832031
92144191,2023,2023-08-15,9130,2023-08-05,1100,020212,,6,1,9,5200,0,1,3,,1,012,SR-36,"MPM 36 TEH 28.50",1056.00,E,N,A,-,Y,TEH,,36," "," ",28.731,H,,R,Y,2,0,2,1,A,-,08,22107,,N,E,I,A,A,H,-,A,D,0,,,Y,,Y,,C,02,2,0,0,0,0,0,0,0,2,"- ","- ",40.225959777832031,-122.45217895507812,TEHAMA,UNINCORPORATED,-122.45211029052734,40.225933074951172
90790615,2018,2018-08-14,9130,2018-07-30,0247,015824,,1,3,9,5200,0,2,4,,2,013,"BOWMAN RD","LANDES RD",1584.00,E,N,A,-,N,,,,,,,,,,Y,1,1,0,1,A,-,01,23152,A,N,E,I,A,A,H,-,D,A,0,,,,Y,Y,Y,G,25,0,0,0,0,0,0,0,0,0,"- ","- ",40.347801208496094,-122.35450744628906,TEHAMA,UNINCORPORATED,-122.35445404052734,40.348064422607422
91285084,2020,2020-08-12,9130,2020-08-02,0015,020579,,7,3,9,5200,0,3,5,,2,020,"PASKENTA RD","GYLE RD",3802.00,N,N,A,-,N,,,,,,,,,,Y,2,0,2,1,A,-,01,23152,A,N,E,I,A,A,D,-,D,D,0,,,,,Y,Y,D,22,2,0,0,0,0,0,0,0,0,"- ","- ",40.011150360107422,-122.29940032958984,TEHAMA,UNINCORPORATED,-122.29936981201172,40.011119842529297
94418364,2024,2024-10-03,9130,2024-09-30,2335,019041,,1,3,9,5200,0,3,5,,2,040,"COLUMBIA AVE","VIOLA AVE",385.00,S,N,A,-,N,,,,,,,,,,Y,2,0,2,2,A,-,03,22350,,N,B,C,A,A,H,-,D,D,0,,,,,Y,Y,A,01,1,1,0,0,0,0,0,0,0,"- ","- ",39.897918701171875,-122.174072265625,TEHAMA,UNINCORPORATED,-122.17404937744141,39.897964477539062
9104157,2020,2020-08-17,5202,2020-05-18,2111,1380,RBPD,1,5,3,5202,0,0,0,,0,,"RT 36","DAMON AV",89.00,E,N,B,-,Y,TEH,2,36,-,-,42.630,H,-,E,N,2,0,1,2,A,-,08,22107,,N,C,G,A,A,H,-,D,D,0,,Y,,,Y,,A,01,1,0,0,0,0,0,1,0,0,"- ","- ",40.186019897460938,-122.21279144287109,TEHAMA,"RED BLUFF",-122.21166229248047,40.18609619140625
9623302,2023,2023-11-30,5202,2023-11-03,1754,2385,,5,5,3,5202,0,0,0,,0,,"RT 36","RT 5",0.00,,N,A,-,Y,TEH,2,36,-,-,41.938,I,5,E,N,2,0,1,2,A,-,05,21650,1,N,D,G,A,A,H,-,A,A,0,,Y,,,Y,,L,04,1,0,0,0,0,0,1,0,0,"- ",NF,,,TEHAMA,"RED BLUFF",-122.22379302978516,40.181251525878906
90771041,2018,2018-07-17,9130,2018-07-09,2350,019840,,1,3,9,5200,0,1,1,,2,052,"I-5 S/B","GALLAGHER AVE",2200.00,S,N,A,-,Y,,,,,,,,,,Y,2,0,4,2,C,-,18,,,N,H,H,A,A,H,-,D,D,0,,,,,Y,,-,"- ",1,0,3,0,0,0,0,0,0,"- ","- ",39.561119079589844,-122.12014007568359,TEHAMA,UNINCORPORATED,-122.20040130615234,39.936508178710938
90820262,2018,2018-09-24,9130,2018-09-14,2215,019041,,5,3,9,5200,0,1,3,,1,012,SR-36,"PAYNES CREEK LOOP",9504.00,W,N,A,-,Y,,,36,,,,,,,Y,2,0,1,1,A,-,01,23152,A,N,E,I,A,A,H,-,D,D,0,,,,,Y,Y,A,01,1,0,0,0,0,0,0,0,0,"- ","- ",40.324600219726562,-121.95142364501953,TEHAMA,UNINCORPORATED,-121.95140075683594,40.324542999267578
91344266,2020,2020-11-12,9130,2020-11-03,0209,019714,,2,3,9,5200,0,3,5,,2,020,"ROUND VALLEY RD","TOOMES CAMP RD",16.00,W,N,A,-,N,,,,,,,,,,Y,2,0,1,1,A,-,01,23152,A,N,E,I,A,A,H,-,D,D,0,,,,,Y,Y,A,01,1,0,0,0,0,0,0,0,0,"- ","- ",39.884429931640625,-122.54654693603516,TEHAMA,UNINCORPORATED,,
90987324,2019,2019-05-24,9130,2019-04-13,0102,020158,,6,3,9,5200,0,1,1,,2,051,"I-5 SOUTHBOUND","HOOKER CREEK ROAD",4752.00,N,N,A,-,Y,,,5,,,,,,S,Y,1,1,0,1,A,-,08,22107,,N,E,I,A,A,H,-,D,D,0,,,,,Y,,A,01,0,0,0,0,0,0,0,0,0,"- ","- ",40.305999755859375,-122.28006744384766,TEHAMA,UNINCORPORATED,-122.28003692626953,40.306003570556641
91569018,2021,2021-09-30,9130,2021-08-22,0735,016408,,7,1,9,5200,0,1,3,,1,041,SR-99,"TAFT ST",645.00,S,N,A,-,Y,,,99,,,,,,,Y,1,2,0,3,A,-,01,23152,F,N,B,C,A,A,H,-,A,D,0,,,,Y,Y,,A,01,0,0,0,0,0,0,0,0,0,"- ","- ",40.0458984375,-122.10047149658203,TEHAMA,UNINCORPORATED,-122.10044860839844,40.045902252197266
6421097,2014,2014-07-02,9130,2014-03-11,1110,013996,,2,1,9,5200,0,3,5,,2,010,"HOOKER CREEK RD","WINTER CREEK LN",2640.00,N,N,A,-,N,,,,,,,,,,Y,2,0,1,1,A,-,05,21650,,N,E,I,A,A,H,-,A,D,0,,,Y,,Y,,C,02,1,0,0,0,0,0,0,0,1,"- ","- ",40.333219999999997,-122.32687,TEHAMA,UNINCORPORATED,-122.32675115000001,40.33343885
90833081,2018,2018-10-10,9130,2018-09-28,0835,016408,,5,1,9,5200,0,1,1,,2,052,"I-5 S/B","SOUR GRASS RD",5280.00,S,N,A,-,Y,,,5,,,,,,S,Y,1,1,0,1,A,-,08,22107,,N,F,A,A,A,H,-,A,D,0,,,,,Y,,D,22,0,0,0,0,0,0,0,0,0,"- ","- ",39.841499328613281,-122.20020294189453,TEHAMA,UNINCORPORATED,-122.20015716552734,39.841499328613281
91120227,2019,2019-11-14,9130,2019-10-25,1927,015667,,5,2,3,5202,0,1,1,,2,051,"I-5 S/B","SOUTH MAIN STREET",65.00,N,N,A,-,Y,,,5,,,,,,S,Y,1,1,1,2,A,-,11,21954,A,N,G,B,E,A,H,-,D,D,0,Y,,,,Y,Y,N,60,0,1,0,1,0,0,0,0,0,"- ","- ",40.151630401611328,-122.22350311279297,TEHAMA,"RED BLUFF",-122.22354888916016,40.151618957519531
91557824,2021,2021-08-30,9130,2021-08-21,1045,019792,,6,1,9,5200,0,1,1,,2,052,"I5 SOUTHBOUND","GAY CREEK",140.00,N,N,B,-,Y,,,,,,,,,,Y,2,0,1,1,A,-,08,22107,,N,F,A,A,D,H,-,E,D,0,,,Y,,Y,,C,02,1,0,0,0,0,0,0,0,1,"- ","- ",39.800651550292969,-122.20018768310547,TEHAMA,UNINCORPORATED,,
91745298,2022,2022-04-11,9130,2022-04-05,1500,019218,,2,2,9,5200,0,3,5,,2,020,"ROUND VALLEY RD","THOMES GORGE TRAILHEAD",911.00,W,N,A,-,N,,,,,,,,,,Y,2,0,1,1,A,-,03,22350,,N,F,I,A,A,H,-,A,D,0,,,,,Y,,A,07,1,0,0,0,0,0,0,0,0,"- ","- ",39.819889068603516,-122.64884948730469,TEHAMA,UNINCORPORATED,-122.64937591552734,39.819705963134766
6786688,2015,2015-02-20,9130,2015-01-07,1835,16408,,3,2,9,5200,0,3,5,,2,030,"PAYNES CREEK RD","TRINITY AV",1320.00,W,N,A,-,N,,,,,,,,,,Y,2,0,3,2,A,-,03,22350,,N,C,C,A,A,H,-,D,D,0,,,,,Y,,D,22,1,1,1,0,0,0,0,0,0,"- ","- ",40.203989999999997,-122.20032,TEHAMA,UNINCORPORATED,-122.19942727,40.205658980000003
90282146,2016,2016-10-03,9130,2016-09-25,0310,019041,,7,3,9,5200,0,2,4,,2,042,"SOUTH AVE.","HALL ROAD",1584.00,W,N,A,-,N,,,,,,,,,,Y,2,0,3,1,A,-,01,23152,A,N,E,I,A,A,H,-,D,D,0,,,,,Y,Y,A,01,2,1,0,0,0,0,0,0,0,"- ","- ",39.906880000000001,-122.12778,TEHAMA,UNINCORPORATED,-122.12326,39.909399999999998
90530510,2017,2017-08-24,9130,2017-08-16,0730,015667,,3,1,9,5200,0,2,4,,2,042,"SOUTH AVE","HALL RD",0.00,,Y,A,-,N,,,,,,,,,,Y,2,0,2,2,A,-,09,21802,A,N,D,C,A,A,H,-,A,A,0,,,,,Y,,A,01,1,0,1,0,0,0,0,0,0,"- ","- ",39.90681,-122.12316,TEHAMA,UNINCORPORATED,-122.12325986,39.909399909999998
90768601,2018,2018-07-13,9130,2018-06-28,1904,019792,,4,2,9,5200,0,2,4,,2,034,"HIGHWAY 99W (2500 BLOCK)","OLIVEWOOD ROAD",2640.00,S,N,A,-,N,,,,,,,,,,Y,1,1,1,1,A,-,08,22107,,N,F,A,A,A,H,-,A,D,0,,,,,Y,,A,07,0,1,0,0,0,0,0,0,0,"- ","- ",39.871288299560547,-122.19734954833984,TEHAMA,UNINCORPORATED,-122.19738006591797,39.870552062988281
90918792,2019,2019-02-04,9130,2019-01-24,1335,016120,,4,1,9,5200,0,2,4,,2,034,CR-99W,"GERBER RD",544.00,N,N,A,-,N,,,,,,,,,,Y,2,0,1,2,A,-,08,22107,,N,D,C,A,A,H,-,A,D,0,,,,,Y,,A,01,1,0,0,0,0,0,0,0,0,"- ","- ",40.047988891601562,-122.17044067382812,TEHAMA,UNINCORPORATED,-122.17035675048828,40.048858642578125
91210103,2020,2020-03-17,9130,2020-03-08,1730,016408,,7,2,9,5200,0,2,4,,2,035,"SAN BENITO AVE","E. CHARD AVE",0.00,,Y,B,-,N,,,,,,,,,,Y,2,0,3,2,A,-,09,21802,A,N,D,C,A,A,H,-,A,A,0,,,,,Y,Y,A,01,1,0,2,0,0,0,0,0,0,"- ","- ",40.068470001220703,-122.16111755371094,TEHAMA,UNINCORPORATED,-122.1611328125,40.068470001220703
6942858,2015,2016-06-09,9130,2015-05-19,1355,15565,,2,1,9,5200,0,2,4,,2,043,"RT 99","MOORE CREEK",510.00,N,N,A,-,N,,,,,,,,,,Y,2,0,1,1,A,-,01,23152,A,N,E,I,A,A,H,-,A,D,0,,,,,Y,Y,A,01,1,0,0,0,0,0,0,0,0,"- ","- ",39.816330000000001,-122.19723,TEHAMA,UNINCORPORATED,-122.19728172000001,39.81632819
8932692,2019,2019-09-16,5202,2019-07-24,1243,0779,,3,5,3,5202,0,0,0,,0,,"MAIN ST","SYCAMORE ST",11.00,S,N,A,-,N,,,,,,,,,,N,2,0,1,2,A,-,10,21950,A,N,G,B,B,A,H,-,A,D,0,Y,,,,Y,,A,08,1,0,0,0,1,0,0,0,0,"- ","- ",40.174919128417969,-122.23268890380859,TEHAMA,"RED BLUFF",-122.23265075683594,40.17486572265625
90829201,2018,2018-10-04,9130,2018-09-25,0125,020975,,2,3,9,5200,0,1,3,,1,031,"SR-99 N/B","ARCH ST",298.00,N,N,A,-,Y,,,99,,,,,,N,Y,2,0,1,1,A,-,08,22107,,N,E,I,A,A,H,-,D,D,0,,,,Y,Y,,F,25,1,0,0,0,0,0,0,0,0,"- ","- ",40.186069488525391,-122.18144226074219,TEHAMA,UNINCORPORATED,-122.18148803710938,40.1856689453125
6592342,2014,2014-09-02,9130,2014-07-24,1625,016408,,4,2,9,5200,0,3,5,,2,020,"CORNING RD","FREEMAN SCHOOLHOUSE RD",552.00,W,N,A,-,N,,,,,,,,,,Y,2,0,1,1,A,-,01,23152,A,N,F,A,A,A,H,-,A,D,0,,,,,Y,Y,A,01,1,0,0,0,0,0,0,0,0,"- ","- ",39.928579999999997,-122.29253,TEHAMA,UNINCORPORATED,-122.29068766,39.929150190000001