CASE_ID,ACCIDENT_YEAR,PROC_DATE,JURIS,COLLISION_DATE,COLLISION_TIME,OFFICER_ID,REPORTING_DISTRICT,DAY_OF_WEEK,CHP_SHIFT,POPULATION,CNTY_CITY_LOC,SPECIAL_COND,BEAT_TYPE,CHP_BEAT_TYPE,CITY_DIVISION_LAPD,CHP_BEAT_CLASS,BEAT_NUMBER,PRIMARY_RD,SECONDARY_RD,DISTANCE,DIRECTION,INTERSECTION,WEATHER_1,WEATHER_2,STATE_HWY_IND,CALTRANS_COUNTY,CALTRANS_DISTRICT,STATE_ROUTE,ROUTE_SUFFIX,POSTMILE_PREFIX,POSTMILE,LOCATION_TYPE,RAMP_INTERSECTION,SIDE_OF_HWY,TOW_AWAY,COLLISION_SEVERITY,NUMBER_KILLED,NUMBER_INJURED,PARTY_COUNT,PRIMARY_COLL_FACTOR,PCF_CODE_OF_VIOL,PCF_VIOL_CATEGORY,PCF_VIOLATION,PCF_VIOL_SUBSECTION,HIT_AND_RUN,TYPE_OF_COLLISION,MVIW,PED_ACTION,ROAD_SURFACE,ROAD_COND_1,ROAD_COND_2,LIGHTING,CONTROL_DEVICE,CHP_ROAD_TYPE,PEDESTRIAN_ACCIDENT,BICYCLE_ACCIDENT,MOTORCYCLE_ACCIDENT,TRUCK_ACCIDENT,NOT_PRIVATE_PROPERTY,ALCOHOL_INVOLVED,STWD_VEHTYPE_AT_FAULT,CHP_VEHTYPE_AT_FAULT,COUNT_SEVERE_INJ,COUNT_VISIBLE_INJ,COUNT_COMPLAINT_PAIN,COUNT_PED_KILLED,COUNT_PED_INJURED,COUNT_BICYCLIST_KILLED,COUNT_BICYCLIST_INJURED,COUNT_MC_KILLED,COUNT_MC_INJURED,PRIMARY_RAMP,SECONDARY_RAMP,LATITUDE,LONGITUDE,COUNTY,CITY,POINT_X,POINT_Y
91593425,2021,2021-10-11,9130,2021-10-03,1730,020158,,7,2,9,5200,0,3,5,,2,010,"MATLOCK LOOP ROAD","OAKWOOD HEIGHTS DRIVE",4224.00,S,N,A,-,N,,,,,,,,,,Y,2,0,1,1,B,-,22,,,N,F,A,A,A,H,-,A,D,0,,,,,Y,Y,A,42,1,0,0,0,0,0,0,0,0,"- ","- ",40.266071319580078,-122.34709930419922,TEHAMA,UNINCORPORATED,-122.33808135986328,40.274875640869141
91714770,2022,2022-03-03,9130,2022-02-24,2155,019041,,4,2,9,5200,0,1,1,,2,051,"I-5 NB","FLORES AVENUE",5280.00,N,N,A,-,Y,TEH,,5,,R,20.787,H,,R,Y,2,0,1,2,A,-,03,22350,,F,C,C,A,A,H,-,D,D,0,,,,,Y,,A,08,1,0,0,0,0,0,0,0,0,"- ","- ",40.09857177734375,-122.21736907958984,TEHAMA,UNINCORPORATED,-122.21742248535156,40.098567962646484
90612411,2017,2017-12-07,9130,2017-11-30,1815,019041,,4,2,9,5200,0,1,1,,2,051,"I-5 S/B TO HOOKER CREEK ROAD","HOOKER CREEK RD",0.00,,Y,A,-,Y,,,5,,,,R,,S,Y,2,0,1,1,A,-,01,23152,A,N,E,I,A,A,H,-,C,D,0,,,,,Y,Y,D,22,1,0,0,0,0,0,0,0,0,"- ","- ",40.292949999999998,-122.27969,TEHAMA,UNINCORPORATED,-122.27969,40.292949999999998
91386586,2020,2021-01-13,9130,2020-12-01,2340,020580,,2,3,9,5200,0,1,1,,2,052,"I5 N/B","TEHAMA AVE.",2534.00,S,N,A,-,Y,,,,,,,,,,Y,1,1,2,2,A,-,01,23152,A,N,C,C,A,A,H,-,D,D,0,,,,,Y,Y,A,07,2,0,0,0,0,0,0,0,0,"- ","- ",40.025661468505859,-122.2098388671875,TEHAMA,UNINCORPORATED,-122.20930480957031,40.022235870361328
91515047,2021,2021-07-07,9130,2021-07-02,0505,019041,,5,3,9,5200,0,3,5,,2,010,"QUERCUS LOBATA BYWAY","ROGLYNN PATH",1950.00,W,N,A,-,N,,,,,,,,,,Y,2,0,1,1,A,-,08,22107,,N,E,I,A,A,H,-,B,D,0,,,,,Y,,A,07,1,0,0,0,0,0,0,0,0,"- ","- ",40.228340148925781,-122.29904174804688,TEHAMA,UNINCORPORATED,-122.29898071289062,40.228397369384766
94655145,2025,2025-04-18,9130,2025-04-17,1620,019110,,4,2,9,5200,0,1,3,,1,041,SR-99,"SHERMAN ST",0.00,,Y,A,-,Y,TEH,,99," "," ",11.184,H,,R,Y,2,0,1,2,A,-,06,21750,A,N,B,C,A,A,H,-,A,D,0,,,Y,,Y,,C,02,1,0,0,0,0,0,0,0,1,"- ","- ",40.012031555175781,-122.09546661376953,TEHAMA,UNINCORPORATED,-122.09546661376953,40.012031555175781
9154071,2020,2020-11-24,5202,2020-08-28,1750,0400,RBPD,5,5,3,5202,0,0,0,,0,,"MAIN ST","RT 36",0.00,,Y,F,-,Y,TEH,2,36,-,R,41.207,I,5,E,Y,2,0,1,2,A,-,08,22107,,N,A,C,A,A,H,-,A,D,0,,,Y,,Y,,A,01,1,0,0,0,0,0,0,0,1,"- ","- ",,,TEHAMA,"RED BLUFF",-122.24355316162109,40.198558807373047
92389406,2024,2024-05-14,9130,2024-05-07,1313,015824,,2,1,3,5202,0,1,1,,2,051,"INTERSTATE 5 N/B FROM ANTELOPE BLVD","ANTELOPE BLVD",50.00,N,N,A,-,Y,,,,,,,,,,Y,2,0,1,1,A,-,08,22107,,N,F,A,A,A,H,-,A,D,0,,,Y,,Y,,C,02,1,0,0,0,0,0,0,0,1,"- ","- ",40.181621551513672,-122.22393798828125,TEHAMA,"RED BLUFF",-122.22492980957031,40.180694580078125
91051394,2019,2019-08-13,9130,2019-08-02,1340,016580,,5,1,9,5200,0,3,5,,2,040,"SOUTH AVE","WOODSON DR",369.00,W,N,A,-,N,,,,,,,,,,Y,2,0,1,2,A,-,01,23152,A,F,A,C,A,A,H,-,A,D,0,,,,,Y,Y,D,22,1,0,0,0,0,0,0,0,0,"- ","- ",39.912220001220703,-122.08538818359375,TEHAMA,UNINCORPORATED,-122.08507537841797,39.912258148193359
91065705,2019,2019-09-03,9130,2019-08-22,1710,015667,,4,2,9,5200,0,2,4,,2,013,"BOWMAN RD.","BROADHURST RD.",880.00,E,N,A,-,N,,,,,,,,,,Y,2,0,1,1,A,-,08,22107,,N,E,I,A,A,H,-,A,D,0,,,,,Y,,A,01,1,0,0,0,0,0,0,0,0,"- ","- ",40.360511779785156,-122.30283355712891,TEHAMA,UNINCORPORATED,-122.30194091796875,40.361019134521484
94531149,2024,2025-01-09,9130,2024-12-31,"430 ",020848,,2,3,9,5200,0,1,3,,1,041,SR-99,"SOUTH AVE",2112.00,N,N,A,-,Y,TEH,,99," "," ",4.918,H,,R,Y,2,0,1,1,A,-,03,22350,,N,E,8,A,A,H,-,D,D,0,,,Y,,Y,,C,02,1,0,0,0,0,0,0,0,1,"- ","- ",39.9364013671875,-122.03846740722656,TEHAMA,UNINCORPORATED,-122.03849029541016,39.936378479003906
90290296,2016,2016-10-12,9130,2016-10-04,1705,018388,,2,2,9,5200,0,3,5,,2,020,"RED BANK RD","EATON DR",2112.00,W,N,A,-,N,,,,,,,,,,Y,2,0,1,1,A,-,01,23152,A,N,E,I,A,A,H,-,A,D,0,,,,,Y,Y,D,22,1,0,0,0,0,0,0,0,0,"- ","- ",40.103340000000003,-122.35729000000001,TEHAMA,UNINCORPORATED,-122.35724688000001,40.103305059999997
6854037,2015,2015-03-23,9130,2015-02-03,1850,15681,,2,2,9,5200,0,3,5,,2,040,"COLUMBIA AV","LOLITA AV",379.00,S,N,A,-,N,,,,,,,,,,Y,1,1,1,1,A,-,03,22350,,N,H,A,A,A,H,-,D,D,0,,,,,Y,,D,22,0,1,0,0,0,0,0,0,0,"- ","- ",39.911949999999997,-122.17407,TEHAMA,UNINCORPORATED,-122.17412643,39.91238972
91087033,2019,2019-09-30,9130,2019-08-30,1255,016580,,5,1,9,5200,0,1,1,,2,051,"I-5 N/B","SUNSET HILLS DRIVE",2218.00,N,N,A,-,Y,,,5,,,,,,N,Y,2,0,2,3,A,-,08,22107,,F,B,C,A,A,H,-,A,D,0,,,,Y,Y,,A,01,1,0,1,0,0,0,0,0,0,"- ","- ",40.332908630371094,-122.28173065185547,TEHAMA,UNINCORPORATED,-122.28130340576172,40.332927703857422
91784337,2022,2022-05-30,9130,2022-03-02,1240,016408,,3,1,9,5200,0,2,4,,2,034,99W,"WESTOVER RD",4752.00,N,N,A,-,N,,,,,,,,,,Y,1,1,0,2,A,-,05,21650,,N,A,C,A,A,H,-,D,D,0,,,,Y,Y,,F,25,0,0,0,0,0,0,0,0,0,"- ","- ",40.1014404296875,-122.18444061279297,TEHAMA,UNINCORPORATED,-122.18464660644531,40.101696014404297
90513218,2017,2017-07-31,9130,2017-07-23,1200,013996,,7,1,9,5200,0,2,4,,2,043,"ROAD 99W","KILKENNY LANE",475.00,S,N,A,-,N,,,,,,,,,,Y,2,0,1,2,A,-,03,22350,,N,B,C,A,A,H,-,A,A,0,,,,,Y,,D,22,1,0,0,0,0,0,0,0,0,"- ","- ",40.085929999999998,-122.17395,TEHAMA,UNINCORPORATED,-122.17396162,40.086080789999997
6342244,2014,2015-11-14,9130,2014-01-04,2241,015829,,6,3,9,5200,0,1,1,,2,052,"RT 5","SOUR GRASS CREEK",3168.00,S,N,A,-,Y,TEH,2,5,-,R,2.920,H,-,N,N,2,0,1,2,A,-,11,21954,A,N,G,B,D,A,H,-,D,D,1,Y,,,,Y,,N,60,1,0,0,0,1,0,0,0,0,"- ","- ",39.822769999999998,-122.19987999999999,TEHAMA,UNINCORPORATED,-122.19985164000001,39.840310989999999
90827049,2018,2018-10-02,9130,2018-09-24,0455,019041,,1,3,3,5202,0,2,S,,2,901,"SOUTH MAIN STREET","LUTHER RD",600.00,N,N,A,-,N,,,,,,,,,,Y,2,0,1,1,A,-,01,23152,F,N,E,I,A,A,H,-,C,D,0,,,,,Y,,A,01,1,0,0,0,0,0,0,0,0,"- ","- ",40.162868499755859,-122.22808074951172,TEHAMA,"RED BLUFF",-122.22808074951172,40.162796020507812
91036689,2019,2019-07-24,9130,2019-07-13,1530,020158,,6,2,9,5200,0,3,5,,2,030,"MANTON ROAD","SPENCER LAKE ROAD",4752.00,E,N,A,-,N,,,,,,,,,,Y,2,0,1,1,A,-,08,22107,,N,F,A,A,A,H,-,A,D,0,,,Y,,Y,Y,C,02,1,0,0,0,0,0,0,0,1,"- ","- ",40.411701202392578,-121.92904663085938,TEHAMA,UNINCORPORATED,-121.92904663085938,40.411701202392578
90909925,2018,2019-01-23,9130,2018-12-28,0306,020158,,5,3,3,5202,0,1,1,,2,051,"I-5 SOUTHBOUND","I-5 MAIN STREET SEPARATION",1056.00,N,N,A,-,Y,,,5,,,,,,S,Y,1,1,0,2,A,-,11,21954,A,N,G,B,E,A,H,-,D,D,0,Y,,,Y,Y,,N,60,0,0,0,1,0,0,0,0,0,"- ","- ",40.206260681152344,-122.24574279785156,TEHAMA,"RED BLUFF",-122.24571990966797,40.206268310546875
90992363,2019,2019-05-20,9130,2019-05-02,2500,016580,,4,4,9,5200,0,3,5,,2,040,"EAST CHARD AVE.","SAMSON AVE",792.00,N,N,A,-,N,,,,,,,,,,Y,1,1,0,1,A,-,08,22107,,N,E,I,A,A,H,-,B,D,0,,,,,Y,,A,07,0,0,0,0,0,0,0,0,0,"- ","- ",40.066780090332031,-122.13873291015625,TEHAMA,UNINCORPORATED,-122.1387939453125,40.062995910644531
90277080,2016,2016-09-27,9130,2016-09-04,1445,013996,,7,2,9,5200,0,3,5,,2,020,"ROUND VALLEY ROAD","MUD FLAT ROAD",3696.00,E,N,A,-,N,,,,,,,,,,Y,1,1,0,1,A,-,01,23152,A,N,F,A,A,A,H,-,A,D,0,,,,,Y,Y,A,07,0,0,0,0,0,0,0,0,0,"- ","- ",39.843670000000003,-122.62266,TEHAMA,UNINCORPORATED,-122.62393177,39.844131240000003
91372457,2020,2020-12-21,9130,2020-12-18,1915,015667,,5,2,3,5202,0,1,3,,1,031,SR-99,"KAUFFMAN AVE",0.00,,Y,A,-,Y,,,,,,,,,,Y,2,0,2,2,A,-,01,23152,A,N,D,C,A,A,H,-,D,D,0,,,,,Y,Y,A,08,1,1,0,0,0,0,0,0,0,"- ","- ",40.127738952636719,-122.12216186523438,TEHAMA,"RED BLUFF",-122.12216186523438,40.127769470214844
91665933,2021,2021-12-30,9130,2021-12-18,0651,018083,,6,1,9,5200,0,3,5,,2,040,"GYLE ROAD","HALL ROAD",1056.00,W,N,B,E,N,,,,,,,,,,Y,2,0,3,2,A,-,03,22350,,N,C,C,A,B,H,-,D,D,0,,,,,Y,,A,01,1,0,2,0,0,0,0,0,0,"- ","- ",40.013851165771484,-122.13394165039062,TEHAMA,UNINCORPORATED,-122.13323974609375,40.014015197753906
92254406,2023,2023-12-28,9130,2023-11-29,1848,015824,,3,2,9,5200,0,1,3,,1,041,"STATE ROUTE 99","TAFT AVE",70.00,S,N,A,-,Y,TEH,,99," "," ",13.645,H,,R,Y,2,0,3,2,A,-,01,23152,A,N,A,C,A,A,H,-,D,A,0,,,,,Y,Y,A,01,2,1,0,0,0,0,0,0,0,"- ","- ",40.047161102294922,-122.10047912597656,TEHAMA,UNINCORPORATED,-122.10052490234375,40.047157287597656
94404109,2024,2024-09-23,9130,2024-09-07,2125,022647,,6,2,9,5200,0,3,5,,2,040,"SHERWOOD BLVD","TAFT AVE",1056.00,S,N,A,-,Y,,,,,,,,,,Y,2,0,2,2,A,-,03,22350,,N,E,I,A,A,H,-,D,D,0,,,Y,,Y,,-,"- ",1,1,0,0,0,0,0,0,2,"- ","- ",40.046131134033203,-122.09552764892578,TEHAMA,UNINCORPORATED,-122.09440612792969,40.044818878173828
6497252,2014,2014-07-25,9130,2014-05-17,2139,17334,,6,2,9,5200,0,3,5,,2,020,"BLACK BUTTE RD","NEWVILLE RD",1584.00,N,N,A,-,N,,,,,,,,,,Y,2,0,1,1,A,-,08,22107,,N,E,I,A,A,H,-,D,D,0,,,Y,,Y,,C,02,1,0,0,0,0,0,0,0,1,"- ","- ",39.832749999999997,-122.36758,TEHAMA,UNINCORPORATED,-122.36764669,39.832711750000001
90364243,2017,2017-01-09,9130,2017-01-01,0900,018311,,7,1,9,5200,0,3,5,,2,040,"DALE RD","KOPTA RD",476.00,W,N,B,-,N,,,,,,,,,,Y,2,0,1,1,A,-,01,23152,A,N,E,I,A,A,H,-,A,D,0,,,,,Y,Y,A,01,1,0,0,0,0,0,0,0,0,"- ","- ",39.928820000000002,-122.11077,TEHAMA,UNINCORPORATED,-122.11072602,39.928829389999997
90867619,2018,2018-11-26,9130,2018-11-15,1535,014291,,4,2,9,5200,0,2,4,,2,043,"ROAD 99W","GYLE ROAD",0.00,,Y,A,-,N,,,,,,,,,,Y,2,0,2,2,A,-,09,21802,A,N,D,C,A,A,H,-,A,A,0,,,,,Y,,A,01,1,1,0,0,0,0,0,0,0,"- ","- ",40.005500793457031,-122.17179870605469,TEHAMA,UNINCORPORATED,-122.17195892333984,40.005481719970703
91164540,2020,2020-01-13,9130,2020-01-03,2050,020158,,5,2,9,5200,0,3,5,,2,010,"FARQUHAR ROAD","EVERGREEN ROAD",528.00,S,N,A,-,N,,,,,,,,,,Y,2,0,1,1,A,-,01,23152,A,N,E,I,A,A,H,-,D,D,0,,,,,Y,Y,A,01,1,0,0,0,0,0,0,0,0,"- ","- ",40.357109069824219,-122.42559051513672,TEHAMA,UNINCORPORATED,-122.42517852783203,40.358390808105469
91259960,2020,2020-06-29,9130,2020-06-16,1055,016120,,2,1,9,5200,0,3,5,,2,020,"EDITH AVE","GALLAGHER AVE",0.00,,Y,A,-,N,,,,,,,,,,Y,2,0,2,2,A,-,12,22450,A,N,D,C,A,A,H,-,A,A,0,,,,,Y,,A,07,2,0,0,0,0,0,0,0,0,"- ","- ",39.942520141601562,-122.19751739501953,TEHAMA,UNINCORPORATED,-122.19751739501953,39.942501068115234
6291525,2014,2015-12-30,9130,2014-07-09,0730,16031,,3,1,9,5200,0,3,5,,2,040,"RIVER RD","ALAMEDA RD",753.00,E,N,A,-,N,,,,,,,,,,Y,1,1,0,1,A,-,01,23152,E,N,E,I,A,A,H,-,A,D,0,,,,,Y,,A,01,0,0,0,0,0,0,0,0,0,"- ","- ",39.975439999999999,-122.17113999999999,TEHAMA,UNINCORPORATED,-122.17149297,39.975345330000003
6291541,2014,2014-11-05,9130,2014-09-01,1738,15681,,1,2,9,5200,0,3,5,,2,040,"LEININGER RD","OLD ORCHARD RD",6336.00,N,N,A,-,N,,,,,,,,,,N,1,1,0,1,A,-,03,22350,,N,H,A,A,A,H,-,A,D,0,,,Y,,Y,,C,06,0,0,0,0,0,0,0,1,0,"- ","- ",39.974290000000003,-122.01411,TEHAMA,UNINCORPORATED,-122.01411,39.974290000000003
6910868,2015,2016-11-03,9130,2015-04-22,1130,15225,,3,1,3,5202,0,3,5,,2,020,"GYLE RD","RT 5",400.00,W,N,A,-,Y,TEH,2,5,-,R,13.819,R,4,S,Y,2,0,1,3,A,-,03,22350,,N,D,E,E,A,H,-,A,D,1,Y,,,,Y,,E,22,1,0,0,0,1,0,0,0,0,"- ","- ",40.0002,-122.208,TEHAMA,"RED BLUFF",-122.20567565,39.998072559999997
90190172,2016,2016-05-31,9140,2016-05-13,1550,018847,,5,2,9,5200,0,1,3,,2,061,SR-36,"ASPEN LANE EAST",6336.00,E,N,A,-,Y,,,,,,,,,,Y,2,0,1,1,A,-,01,23152,A,N,E,I,A,A,H,-,A,D,0,,,,,Y,Y,A,01,1,0,0,0,0,0,0,0,0,"- ","- ",,,TEHAMA,UNINCORPORATED,-121.56179484,40.364108889999997
90299555,2016,2016-10-24,9130,2016-10-16,0140,019041,,7,3,9,5200,0,3,5,,2,020,"CORNING ROAD","GLENN ROAD",2640.00,E,N,B,-,N,,,,,,,,,,Y,2,0,3,1,A,-,01,23152,A,N,E,I,A,A,H,-,D,D,0,,,,,Y,Y,D,22,1,2,0,0,0,0,0,0,0,"- ","- ",39.92183,-122.29879,TEHAMA,UNINCORPORATED,-122.29829152000001,39.9219577
91426285,2020,2021-03-12,9140,2020-11-21,2500,021043,,6,4,9,5200,0,1,3,,2,062,"STATE ROUTE 32","USFS ROAD 27N06",16896.00,E,N,A,-,Y,,,32,,,,,,,Y,1,1,0,1,A,-,08,22107,,N,E,I,A,A,H,-,D,D,0,,,,,Y,,A,07,0,0,0,0,0,0,0,0,0,"- ","- ",40.196830749511719,-121.52292633056641,TEHAMA,UNINCORPORATED,-121.52300262451172,40.196548461914062
90112878,2016,2016-02-10,9130,2016-01-31,1815,018391,,7,2,9,5200,0,3,5,,2,040,"LOLETA AVE.","EAST AVE.",528.00,E,N,A,-,N,,,,,,,,,,Y,1,1,0,1,A,-,08,22107,,N,E,I,A,A,H,-,D,D,0,,,,,Y,,A,01,0,0,0,0,0,0,0,0,0,"- ","- ",39.914299999999997,-122.1397,TEHAMA,UNINCORPORATED,-122.13936171,39.913359630000002
91208716,2019,2020-03-16,9130,2019-12-10,0540,016120,,2,3,9,5200,0,2,4,,2,034,"COUNTY ROAD 99 WEST (CR-99W)","RODEO AVE",206.00,N,N,B,-,N,,,,,,,,,,Y,1,1,2,2,A,-,06,21751,,N,A,C,A,A,H,-,D,D,0,,,,,Y,,A,01,2,0,0,0,0,0,0,0,0,"- ","- ",40.034900665283203,-122.17127990722656,TEHAMA,UNINCORPORATED,-122.17122650146484,40.034893035888672
91539349,2021,2021-08-09,9130,2021-07-27,1330,018812,,2,1,9,5200,0,2,4,,2,042,"SOUTH AVE","STEPHENS ROAD",582.00,W,N,A,-,N,,,,,,,,,,Y,2,0,1,2,A,-,03,22350,,N,C,C,A,A,H,-,A,D,0,,,Y,,Y,,C,02,1,0,0,0,0,0,0,0,1,"- ","- ",39.921249389648438,-122.05616760253906,TEHAMA,UNINCORPORATED,-122.05628967285156,39.921337127685547
9637420,2023,2024-03-01,5202,2023-11-10,1938,1209,RBPD,5,5,3,5202,0,0,0,,0,,"ANTELOPE BL","BELLE MILL RD",830.00,W,N,A,-,Y,TEH,2,36,-,-,41.840,H,-,E,Y,2,0,1,1,A,-,07,21658,A,N,E,I,A,A,H,-,C,D,0,,,,,Y,,A,07,1,0,0,0,0,0,0,0,0,"- ","- ",40.180599212646484,-122,TEHAMA,"RED BLUFF",-122.22526550292969,40.180633544921875
90677021,2018,2018-03-14,9130,2018-02-24,0500,015829,,6,3,9,5200,0,1,3,,1,041,"SR-99 N/B","VINA RD",1584.00,N,N,A,-,Y,,,99,,,,,,N,Y,1,1,1,2,A,-,01,23152,G,N,B,C,A,A,H,-,D,D,0,,,,Y,Y,Y,A,01,1,0,0,0,0,0,0,0,0,"- ","- ",39.94390869140625,-122.05037689208984,TEHAMA,UNINCORPORATED,-122.05036926269531,39.943920135498047
91380266,2020,2021-01-04,9130,2020-12-09,0814,016408,,3,1,9,5200,0,1,3,,1,032,SR-36,"TUSCAN AVE",324.00,N,N,A,-,Y,,,36,,,,,,,Y,1,2,2,1,A,-,01,23152,F,N,E,I,A,A,H,-,A,D,0,,,,,Y,,A,01,2,0,0,0,0,0,0,0,0,"- ","- ",40.193309783935547,-122.18518829345703,TEHAMA,UNINCORPORATED,-122.18524932861328,40.193317413330078
90235017,2016,2016-08-01,9140,2016-07-31,1350,015598,,7,1,9,5200,0,1,3,,2,063,"STATE ROUTE 36","TRAMWAY RD.",2640.00,W,N,A,-,Y,,,,,,,,,,Y,2,0,1,1,A,-,08,22107,,N,F,A,A,A,H,-,A,D,0,,,Y,,Y,,C,02,1,0,0,0,0,0,0,0,1,"- ","- ",,,TEHAMA,UNINCORPORATED,-121.71855730999999,40.344140729999999
90888990,2018,2018-12-24,9130,2018-12-13,0748,017227,,4,1,9,5200,0,1,3,,1,031,SR-99,"TECATE RD.",380.00,S,N,B,-,Y,,,99,,,,,,,Y,2,0,3,5,A,-,07,21658,A,N,B,C,A,A,H,-,A,D,0,,,,Y,Y,,F,27,2,1,0,0,0,0,0,0,0,"- ","- ",39.926780700683594,-122.02729797363281,TEHAMA,UNINCORPORATED,-122.02726745605469,39.92681884765625
90895179,2018,2020-01-10,9130,2018-12-17,2149,019792,,1,2,9,5200,0,3,5,,2,040,"TEHAMA AND VINA ROAD",SR-99,140.00,W,N,B,-,Y,,,,,,,,,,Y,1,1,0,2,A,-,01,23152,A,F,H,G,A,A,H,-,C,D,0,,Y,,,Y,Y,A,07,0,0,0,0,0,1,0,0,0,"- ","- ",40.031341552734375,-122.10044860839844,TEHAMA,UNINCORPORATED,-122.10041046142578,40.031295776367188
91680975,2022,2022-01-24,9130,2022-01-13,2120,020580,,4,2,9,5200,0,2,4,,2,043,"ROAD 99W","SUNBRIGHT AVE.",1195.00,N,N,A,-,N,,,,,,,,,,Y,2,0,1,3,A,-,01,23152,A,N,A,C,A,A,H,-,D,D,0,,,,,Y,Y,D,22,1,0,0,0,0,0,0,0,0,"- ","- ",40.122600555419922,-122.19898223876953,TEHAMA,UNINCORPORATED,-122.19892883300781,40.122512817382812
92096693,2023,2023-06-19,9130,2023-06-07,1435,020158,,3,2,9,5200,0,2,4,,2,034,"STATE HIGHWAY 99W","SUNBRIGHT AVE",4224.00,S,N,A,-,N,,,,,,,,,,Y,2,0,2,2,A,-,09,21804,A,N,A,C,A,A,H,-,A,A,0,,,,,Y,,A,01,1,1,0,0,0,0,0,0,0,"- ","- ",40.109081268310547,-122.18974304199219,TEHAMA,UNINCORPORATED,-122.18988037109375,40.109352111816406
9389231,2022,2022-02-01,5202,2022-01-12,0917,0779,RBPD,3,5,3,5202,0,0,0,,0,,"WASHINGTON ST","UNION ST",0.00,,Y,A,-,N,,,,,,,,,,Y,2,0,2,2,A,-,03,22350,,N,D,C,A,A,H,-,A,D,0,,,,,Y,,D,22,1,1,0,0,0,0,0,0,0,"- ","- ",40.180488586425781,-122.23896026611328,TEHAMA,"RED BLUFF",-122.23899841308594,40.180492401123047
90121342,2016,2016-02-23,9130,2016-02-12,0620,015829,,5,1,9,5200,0,2,4,,2,043,"HWY 99W","GALLAGHER AVE",401.00,S,N,A,-,N,,,,,,,,,,Y,1,1,0,1,A,-,08,22107,,N,E,I,A,A,H,-,D,D,0,,,,,Y,,D,22,0,0,0,0,0,0,0,0,0,"- ","- ",39.941079999999999,-122.17919999999999,TEHAMA,UNINCORPORATED,-122.17917,39.941288870000001
90239683,2016,2016-08-08,9130,2016-07-10,0240,016447,,7,3,9,5200,0,3,5,,2,030,"JELLYS FERRY RD","SACRAMENTO RIVER BRIDGE",18.00,N,N,A,-,N,,,,,,,,,,Y,1,1,1,1,A,-,01,23152,A,N,E,I,A,A,H,-,D,D,0,,,,,Y,Y,D,22,1,0,0,0,0,0,0,0,0,"- ","- ",40.318519999999999,-122.18857,TEHAMA,UNINCORPORATED,-122.18918681,40.317732100000001
91340387,2020,2020-11-05,9130,2020-10-26,2015,015824,,1,2,9,5200,0,2,4,,2,034,"RD 99W","RIVERSIDE AVE",1584.00,N,N,A,-,N,,,,,,,,,,Y,2,0,1,2,A,-,09,21804,A,N,D,C,A,A,H,-,B,D,0,,,Y,,Y,,C,02,1,0,0,0,0,0,0,0,1,"- ","- ",40.144298553466797,-122.2138671875,TEHAMA,UNINCORPORATED,-122.21351623535156,40.143821716308594
94498755,2024,2024-12-20,9130,2024-11-24,2310,019041,,7,3,9,5200,0,1,3,,1,032,"ANTELOPE BLVD","SAINT MARYS AVE",415.00,W,N,A,-,Y,TEH,,36," "," ",43.694,H,,R,Y,1,1,1,2,A,-,01,23152,A,N,A,C,A,A,H,-,C,D,0,,,,Y,Y,Y,A,01,0,1,0,0,0,0,0,0,0,"- ","- ",40.185638427734375,-122.19188690185547,TEHAMA,UNINCORPORATED,-122.19188690185547,40.1856689453125
92444167,2024,2024-09-16,9130,2024-07-11,1830,022594,,4,2,9,5200,0,2,4,,2,042,"SOUTH AVE","26605 SOUTH AVE.",92.00,W,N,A,-,N,,,,,,,,,,Y,2,0,4,2,A,-,03,22350,,N,D,C,A,A,H,-,A,D,0,,,,,Y,,D,22,1,2,1,0,0,0,0,0,0,"- ","- ",39.925510406494141,-122.04331207275391,TEHAMA,UNINCORPORATED,-122.12355041503906,39.906826019287109
9211527,2020,2022-06-14,5202,2020-12-18,1627,818,RBPD,5,5,3,5202,0,0,0,,0,,"WALNUT ST","BAYLES AV",50.00,W,N,A,-,N,,,,,,,,,,N,1,1,0,2,A,-,11,21954,A,N,G,B,D,A,H,-,B,D,0,Y,,,,Y,,N,60,0,0,0,1,0,0,0,0,0,"- ","- ",40.168598175048828,-122.25511169433594,TEHAMA,"RED BLUFF",-122.25531768798828,40.168529510498047
90844058,2018,2018-10-24,9130,2018-10-15,1320,020158,,1,1,9,5200,0,3,5,,2,030,"MAIN STREET","LAKE CALIFORNIA DRIVE",415.00,N,N,A,-,N,,,,,,,,,,Y,2,0,1,2,A,-,09,21801,A,N,D,C,A,A,H,-,A,D,0,,,Y,,Y,,A,08,1,0,0,0,0,0,0,0,1,"- ","- ",40.369579315185547,-122.2830810546875,TEHAMA,UNINCORPORATED,-122.28309631347656,40.370079040527344