CASE_ID,ACCIDENT_YEAR,PROC_DATE,JURIS,COLLISION_DATE,COLLISION_TIME,OFFICER_ID,REPORTING_DISTRICT,DAY_OF_WEEK,CHP_SHIFT,POPULATION,CNTY_CITY_LOC,SPECIAL_COND,BEAT_TYPE,CHP_BEAT_TYPE,CITY_DIVISION_LAPD,CHP_BEAT_CLASS,BEAT_NUMBER,PRIMARY_RD,SECONDARY_RD,DISTANCE,DIRECTION,INTERSECTION,WEATHER_1,WEATHER_2,STATE_HWY_IND,CALTRANS_COUNTY,CALTRANS_DISTRICT,STATE_ROUTE,ROUTE_SUFFIX,POSTMILE_PREFIX,POSTMILE,LOCATION_TYPE,RAMP_INTERSECTION,SIDE_OF_HWY,TOW_AWAY,COLLISION_SEVERITY,NUMBER_KILLED,NUMBER_INJURED,PARTY_COUNT,PRIMARY_COLL_FACTOR,PCF_CODE_OF_VIOL,PCF_VIOL_CATEGORY,PCF_VIOLATION,PCF_VIOL_SUBSECTION,HIT_AND_RUN,TYPE_OF_COLLISION,MVIW,PED_ACTION,ROAD_SURFACE,ROAD_COND_1,ROAD_COND_2,LIGHTING,CONTROL_DEVICE,CHP_ROAD_TYPE,PEDESTRIAN_ACCIDENT,BICYCLE_ACCIDENT,MOTORCYCLE_ACCIDENT,TRUCK_ACCIDENT,NOT_PRIVATE_PROPERTY,ALCOHOL_INVOLVED,STWD_VEHTYPE_AT_FAULT,CHP_VEHTYPE_AT_FAULT,COUNT_SEVERE_INJ,COUNT_VISIBLE_INJ,COUNT_COMPLAINT_PAIN,COUNT_PED_KILLED,COUNT_PED_INJURED,COUNT_BICYCLIST_KILLED,COUNT_BICYCLIST_INJURED,COUNT_MC_KILLED,COUNT_MC_INJURED,PRIMARY_RAMP,SECONDARY_RAMP,LATITUDE,LONGITUDE,COUNTY,CITY,POINT_X,POINT_Y
91351721,2020,2020-11-23,9130,2020-11-17,1135,016408,,2,1,9,5200,0,3,5,,2,030,"LAKE CALIFORNIA DR","DEL MAR DR.",1000.00,W,N,B,-,N,,,,,,,,,,Y,2,0,2,2,A,-,05,21460,A,N,A,C,A,B,H,-,A,D,0,,,,,Y,,A,01,1,1,0,0,0,0,0,0,0,"- ","- ",39.362529754638672,-122.28233337402344,TEHAMA,UNINCORPORATED,-122.282207,40.362504000000001
6291498,2014,2016-01-05,9130,2014-08-30,0516,16447,,6,3,9,5200,0,3,5,,2,040,"HALL RD","SOUTH AV",0.00,,Y,A,-,N,,,,,,,,,,Y,1,1,0,2,A,-,01,23152,A,N,D,C,A,A,H,-,D,A,0,,,,,Y,Y,A,01,0,0,0,0,0,0,0,0,0,"- ","- ",39.906799999999997,-122.1233,TEHAMA,UNINCORPORATED,-122.12325986,39.909399909999998
9635145,2023,2023-12-21,5202,2023-10-26,1922,1486,RBPD,4,5,3,5202,0,0,0,,0,,"CROSBY LN","NICKLAUS AV",127.00,W,N,A,-,N,,,,,,,,,,Y,2,0,3,1,A,-,00,23103,B,N,F,A,A,A,H,-,C,D,0,,,,,Y,,A,01,1,0,2,0,0,0,0,0,0,"- ","- ",40.14971923828125,-122.23455047607422,TEHAMA,"RED BLUFF",-122.2349853515625,40.149688720703125
6854070,2015,2017-04-21,9130,2015-02-20,0635,16031,,5,1,9,5200,0,3,5,,2,020,"PASKENTA RD","NO NAME RD",1056.00,S,N,A,-,N,,,,,,,,,,Y,1,1,0,1,A,-,01,23152,A,N,E,I,A,A,H,-,B,D,0,,,,,Y,Y,A,01,0,0,0,0,0,0,0,0,0,"- ","- ",39.978169999999999,-122.31831,TEHAMA,UNINCORPORATED,-122.31847904999999,39.977371390000002
9515574,2022,2022-12-16,5202,2022-10-20,1637,1720,RBPD,4,5,3,5202,0,0,0,,0,,"RT 36","BEEGUM RD",0.00,,Y,A,-,Y,TEH,2,36,-,R,41.207,I,5,E,Y,2,0,1,2,A,-,09,21801,A,N,D,C,A,A,H,-,A,D,0,,,Y,Y,Y,,F,77,1,0,0,0,0,0,0,0,1,"- ","- ",40.198448181152344,-122.24234771728516,TEHAMA,"RED BLUFF",-122.24237060546875,40.198493957519531
90708065,2018,2018-04-18,9130,2018-04-09,1519,015565,,1,2,9,5200,0,3,5,,2,020,"PASKENTA ROAD","GYLE ROAD",2112.00,S,N,A,-,N,,,,,,,,,,Y,2,0,1,1,A,-,01,23152,A,N,E,I,A,A,H,-,A,D,0,,,,,Y,Y,A,01,1,0,0,0,0,0,0,0,0,"- ","- ",39.99591064453125,-122.30320739746094,TEHAMA,UNINCORPORATED,-122.30303192138672,39.996246337890625
90897037,2018,2019-01-03,9130,2018-12-23,0225,019041,,7,3,9,5200,0,3,5,,2,010,"REEDS CREEK RD","NEWMAN RD",75.00,W,N,A,-,N,,,,,,,,,,Y,2,0,1,1,A,-,01,23152,A,N,E,I,A,A,H,-,D,D,0,,,,,Y,Y,A,01,1,0,0,0,0,0,0,0,0,"- ","- ",40.158988952636719,-122.32691955566406,TEHAMA,UNINCORPORATED,-122.32687377929688,40.159034729003906
91433233,2021,2021-03-23,9140,2021-03-17,1100,021043,,3,1,9,5200,0,1,3,,2,062,"STATE ROUTE 32","USFS ROAD 28N12",1584.00,N,N,A,-,Y,,,,,,,,,,Y,2,0,1,1,A,-,08,22107,,N,E,I,A,A,H,-,A,D,0,,,,,Y,,A,01,1,0,0,0,0,0,0,0,0,"- ","- ",40.256649017333984,-121.44969177246094,TEHAMA,UNINCORPORATED,,
91616276,2021,2021-11-04,9130,2021-10-29,0001,018083,,5,3,9,5200,0,3,5,,2,040,"HALL ROAD","WELLS FARGO WAY",1056.00,N,N,A,-,N,,,,,,,,,,Y,2,0,1,1,A,-,08,22107,,N,E,I,A,A,H,-,D,D,0,,,,,Y,,A,07,1,0,0,0,0,0,0,0,0,"- ","- ",40.002578735351562,-122.12947082519531,TEHAMA,UNINCORPORATED,-122.12947082519531,40.002490997314453
6371706,2014,2015-11-14,9130,2014-02-06,1105,017227,,4,1,9,5200,0,1,3,,1,031,"RT 99","SOUTH AV",15.00,S,N,B,C,Y,TEH,2,99,-,-,4.480,H,-,N,Y,2,0,2,2,A,-,05,21460,A,N,A,C,A,B,H,-,A,D,0,,,,,Y,,A,01,1,0,1,0,0,0,0,0,0,"- ","- ",39.931510000000003,-122.03288999999999,TEHAMA,UNINCORPORATED,-122.03297791999999,39.931737060000003
90130557,2016,2016-03-07,9130,2016-02-22,1728,015824,,1,2,9,5200,0,1,3,,1,031,"STATE ROUTE 99","CHILDS AVE",283.00,N,N,A,-,Y,,,99,,,,,,,Y,2,0,3,2,A,-,01,23152,A,N,A,C,A,A,H,-,A,D,0,,,,,Y,Y,A,01,1,2,0,0,0,0,0,0,0,"- ","- ",40.114100000000001,-122.1178,TEHAMA,UNINCORPORATED,-122.11737881000001,40.11437154
91784012,2022,2022-05-30,9130,2022-05-18,1820,019792,,3,2,9,5200,0,3,5,,2,010,"FLORES AVE.","I-5 SOUTHBOUND TO FLORES AVE.",0.00,,Y,A,-,Y,,,,,,,,,,Y,2,0,2,2,A,-,09,21802,A,N,D,C,A,A,H,-,A,A,0,,,,,Y,,A,01,1,1,0,0,0,0,0,0,0,"- ","- ",40.084030151367188,-122.21858215332031,TEHAMA,UNINCORPORATED,,
6982603,2015,2017-01-14,9130,2015-07-03,0340,17070,,5,3,9,5200,0,1,1,,2,051,"RT 5","WILCOX GOLF RD",2112.00,N,N,A,-,Y,TEH,2,5,-,-,31.450,H,-,S,Y,2,0,1,1,A,-,08,22107,,N,E,I,A,A,H,-,D,D,1,,,,,Y,,A,01,1,0,0,0,0,0,0,0,0,"- ","- ",40.22428,-122.25421,TEHAMA,UNINCORPORATED,-122.2544237,40.224726869999998
90136751,2016,2016-03-15,9130,2016-03-07,1510,015565,,1,2,9,5200,0,2,4,,2,043,"ROAD 99W","GYLE ROAD",0.00,,Y,B,-,N,,,,,,,,,,Y,2,0,2,2,A,-,09,21802,A,N,D,C,A,A,H,-,A,D,0,,,,,Y,,A,01,1,0,1,0,0,0,0,0,0,"- ","- ",40.005339999999997,-122.17216999999999,TEHAMA,UNINCORPORATED,-122.17195995,40.005479989999998
90365217,2016,2017-01-10,9130,2016-12-24,0420,019041,,6,3,3,5202,0,1,1,,2,051,"I-5 N/B","DIBBLE CREEK BRIDGE",0.00,,N,E,-,Y,,,5,,,,,,N,Y,1,1,2,3,A,-,05,21651,B,N,E,I,A,B,H,-,C,D,0,,,,,Y,Y,A,07,0,1,1,0,0,0,0,0,0,"- ","- ",40.201050000000002,-122.24215,TEHAMA,"RED BLUFF",-122.24210064,40.20108596
90546763,2017,2019-03-19,9130,2017-09-02,0835,016447,,6,1,2,5201,0,1,1,,2,052,"INTERSTATE 5 (I-5) NORTHBOUND (N/B)","CORNING ROAD",3072.00,S,N,A,-,Y,,,5,,,,,,N,Y,1,1,0,1,C,-,18,,,N,E,I,A,A,H,-,A,D,0,,,,,Y,,-,"- ",0,0,0,0,0,0,0,0,0,"- ","- ",39.924030000000002,-122.20004,TEHAMA,CORNING,-122.20008982,39.924029560000001
8412667,2017,2017-09-12,5202,2017-08-13,2145,1380,RBPD,7,5,3,5202,0,0,0,,0,,"MAIN ST","ELM ST",0.00,,Y,A,-,N,,,,,,,,,,Y,2,0,2,1,A,-,08,22107,,N,E,I,A,A,H,-,C,D,0,,,,,Y,,A,01,1,0,1,0,0,0,0,0,0,"- ","- ",40.17577,-122.23341000000001,TEHAMA,"RED BLUFF",-122.23341994,40.175759980000002
8707854,2018,2018-12-18,5202,2018-09-26,0011,1165,RBPD,3,5,3,5202,0,0,0,,0,,"RT 36","OAK ST",0.00,,Y,A,-,Y,TEH,2,36,-,L,41.260,H,-,W,Y,2,0,1,2,A,-,01,23153,F,N,G,B,B,A,H,-,C,A,0,Y,,,,Y,,D,22,1,0,0,0,1,0,0,0,0,"- ","- ",,,TEHAMA,"RED BLUFF",-122.23395538330078,40.176704406738281
90568995,2017,2017-10-12,9130,2017-09-29,0730,016447,,5,1,9,5200,0,1,3,,1,031,"STATE ROUTE 99 (SR 99)","LE CLAIRE AVE",0.00,,Y,A,-,Y,,,99,,,,,,,Y,2,0,2,2,A,-,09,21802,A,N,D,C,A,A,H,-,A,D,0,,,,,Y,,A,01,1,1,0,0,0,0,0,0,0,"- ","- ",40.110689999999998,-122.11327,TEHAMA,UNINCORPORATED,-122.11326533,40.110695200000002
90797365,2018,2018-08-29,9130,2018-08-09,0017,019110,,4,3,9,5200,0,1,3,,1,041,"STATE ROUTE 99E","TEHAMA VINA ROAD",90.00,S,N,A,-,Y,,,99,,,,,,,Y,1,1,0,1,A,-,08,22107,,N,E,J,A,A,H,-,D,D,0,,,,,Y,,D,22,0,0,0,0,0,0,0,0,0,"- ","- ",39.958488464355469,-122.06056213378906,TEHAMA,UNINCORPORATED,-122.06060791015625,39.958454132080078
91143022,2019,2019-12-13,9130,2019-12-04,2320,020158,,3,3,9,5200,0,3,5,,2,030,"LAKE CALIFORNIA DRIVE","DEL MAR DRIVE",2112.00,E,N,A,-,N,,,,,,,,,,Y,2,0,1,1,A,-,08,22107,,N,E,I,A,A,H,-,D,D,0,,,,,Y,,D,22,1,0,0,0,0,0,0,0,0,"- ","- ",40.363819122314453,-122.27126312255859,TEHAMA,UNINCORPORATED,-122.271240234375,40.363792419433594
91889990,2022,2022-10-14,9140,2022-10-09,1630,018645,,7,2,9,5200,0,1,3,,2,062,SR-32,"SLATE CREEK BRIDGE",844.00,W,N,A,-,Y,TEH,,32,,,20.305,H,,R,Y,2,0,2,3,A,-,05,21650,,F,F,A,A,A,H,-,A,D,0,,,Y,,Y,,D,22,1,1,0,0,0,0,0,0,2,"- ","- ",40.234909057617188,-121.46204376220703,TEHAMA,UNINCORPORATED,-121.46202087402344,40.234870910644531
6955070,2015,2016-11-04,9140,2015-06-06,1530,13241,,6,2,9,5200,0,1,3,,2,063,"RT 36","RT 89",1056.00,W,N,B,-,Y,TEH,2,36,-,-,87.430,H,-,W,Y,2,0,1,1,A,-,08,22107,,N,F,A,A,A,H,-,A,D,0,,,Y,,Y,,C,02,1,0,0,0,0,0,0,0,1,"- ","- ",,,TEHAMA,UNINCORPORATED,-121.53876179,40.367736219999998
90426866,2017,2017-04-04,9130,2017-03-25,2140,018388,,6,2,9,5200,0,3,5,,2,020,"RAWSON RD","SAMSON AVE",0.00,,Y,A,-,N,,,,,,,,,,N,2,0,1,2,A,-,08,22107,,F,G,B,E,A,H,-,D,D,0,Y,,,,Y,,A,07,1,0,0,0,1,0,0,0,0,"- ","- ",39.935540000000003,-122.21621,TEHAMA,UNINCORPORATED,-122.21620991,39.935549989999998
91452918,2021,2021-04-19,9130,2021-04-11,0840,019742,,7,1,9,5200,0,3,5,,2,040,"HOUGHTON AVENUE","FIG LANE",689.00,S,N,A,-,N,,,,,,,,,,Y,2,0,1,2,A,-,05,21650,,N,A,C,A,A,H,-,A,D,0,,,,,Y,,A,01,1,0,0,0,0,0,0,0,0,"- ","- ",39.918369293212891,-122.18824005126953,TEHAMA,UNINCORPORATED,-122.18817901611328,39.918827056884766
90321227,2016,2016-11-16,9130,2016-11-08,1645,016355,,2,2,9,5200,0,3,5,,2,010,"FLORES AVENUE","S/B I-5 TO FLORES AVENUE",0.00,,Y,B,-,N,,,,,,,,,,Y,2,0,2,2,A,-,09,21801,A,N,A,C,A,A,H,-,A,D,0,,,Y,,Y,Y,A,01,1,1,0,0,0,0,0,0,2,"- ","- ",40.083979999999997,-122.21420000000001,TEHAMA,UNINCORPORATED,-122.21446395,40.083946339999997
91857366,2022,2022-09-05,9130,2022-08-27,0715,018083,,6,1,9,5200,0,3,5,,2,020,"NEWVILLE ROAD","WACKERMAN ROAD",1584.00,W,N,A,-,N,,,,,,,,,,Y,2,0,2,2,A,-,09,21801,A,N,D,C,A,A,H,-,A,D,0,,,,,Y,,D,22,1,1,0,0,0,0,0,0,0,"- ","- ",39.806369781494141,-122.32940673828125,TEHAMA,UNINCORPORATED,-122.32386779785156,39.801406860351562
8086910,2016,2016-08-30,5202,2016-06-22,0909,1455,RBPD,3,5,3,5202,0,0,0,,0,,"MONROE ST","UNION ST",63.00,N,N,A,-,N,,,,,,,,,,Y,2,0,2,3,A,-,08,22107,,N,C,-,A,A,H,-,A,D,0,,,,,Y,,A,01,1,1,0,0,0,0,0,0,0,"- ","- ",40.178919999999998,-122.24209,TEHAMA,"RED BLUFF",-122.24223524999999,40.179093870000003
91065084,2019,2019-09-02,9130,2019-08-14,1835,019110,,3,2,9,5200,0,3,5,,2,020,"NEWVILLE RD","STONY CREEK IRRIGATION CANAL",166.00,W,N,A,-,N,,,,,,,,,,Y,1,3,0,1,A,-,01,23152,A,N,F,A,A,A,H,-,A,D,0,,,,,Y,Y,D,22,0,0,0,0,0,0,0,0,0,"- ","- ",39.819801330566406,-122.32649993896484,TEHAMA,UNINCORPORATED,-122.32646942138672,39.81982421875
90170841,2016,2016-05-02,9130,2016-04-23,2235,016447,,6,3,9,5200,0,3,5,,2,030,"LAKE CALIFORNIA DR","DEL MAR DR",1250.00,E,N,A,-,N,,,,,,,,,,Y,2,0,1,1,A,-,01,23152,A,N,E,I,A,A,H,-,D,D,0,,,,,Y,Y,A,01,1,0,0,0,0,0,0,0,0,"- ","- ",40.362960000000001,-122.27393000000001,TEHAMA,UNINCORPORATED,-122.27392999999999,40.362960000000001
90344821,2016,2016-12-14,9130,2016-12-03,1715,018812,,6,2,9,5200,0,2,4,,2,035,"SAN BENITO AVE","RAMSAY AVE",1056.00,N,N,A,-,N,,,,,,,,,,Y,1,1,0,2,A,-,01,23152,A,F,C,C,A,A,H,-,B,D,0,,,Y,,Y,Y,D,22,0,0,0,0,0,0,0,1,0,"- ","- ",40.062829999999998,-122.15666,TEHAMA,UNINCORPORATED,-122.1559704,40.061812529999997
91003787,2019,2019-06-05,9130,2019-05-25,1127,017692,,6,1,9,5200,0,3,5,,2,040,"SHASTA BLVD.","WILSON ST",325.00,N,N,A,-,N,,,,,,,,,,N,2,0,2,1,A,-,08,22107,,N,F,A,A,A,H,-,A,D,0,,,Y,,Y,,C,06,2,0,0,0,0,0,0,0,2,"- ","- ",40.055389404296875,-122.09120178222656,TEHAMA,UNINCORPORATED,-122.09116363525391,40.055294036865234
91072263,2019,2019-09-11,9130,2019-09-03,2340,019792,,2,3,9,5200,0,1,1,,2,051,"I-5 S/B","JELLYS FERRY RD",10824.00,N,N,A,-,Y,,,5,,,,,,S,Y,2,0,1,2,A,-,03,22350,,N,C,C,A,A,H,-,D,D,0,,,,,Y,,A,01,1,0,0,0,0,0,0,0,0,"- ","- ",40.264511108398438,-122.26715087890625,TEHAMA,UNINCORPORATED,-122.26716613769531,40.264503479003906
91236641,2020,2020-06-16,9130,2020-04-30,2025,015667,,4,2,9,5200,0,3,5,,2,040,"GYLE ROAD","ROAD 99W",23.00,W,N,A,-,N,,,,,,,,,,Y,2,0,1,2,A,-,09,21802,A,F,D,C,A,A,H,-,B,A,0,,,,Y,Y,,G,25,1,0,0,0,0,0,0,0,0,"- ","- ",40.005500793457031,-122.17223358154297,TEHAMA,UNINCORPORATED,-122.17204284667969,40.005489349365234
91492701,2021,2021-06-09,9130,2021-06-03,2350,019792,,4,3,9,5200,0,3,5,,2,040,"BALLARD AVE.","STEPHENS AVE",320.00,E,N,A,-,N,,,,,,,,,,Y,2,0,1,1,A,-,01,23152,A,N,F,I,A,A,H,-,D,D,0,,,Y,,Y,Y,C,06,1,0,0,0,0,0,0,0,1,"- ","- ",39.908618927001953,-122.04801177978516,TEHAMA,UNINCORPORATED,-122.04820251464844,39.90850830078125
91591713,2021,2021-10-08,9130,2021-09-28,0751,018083,,2,1,9,5200,0,1,3,,1,041,SR-99,"ARAMAYO WAY",0.00,,Y,A,-,Y,,,,,,,,,,N,2,0,1,2,A,-,03,22350,,N,D,G,A,A,H,-,A,A,0,,Y,,,Y,,-,"- ",1,0,0,0,0,0,1,0,0,"- ","- ",40.827808380126953,-122.09992980957031,TEHAMA,UNINCORPORATED,-122.09989929199219,40.027957916259766
91957733,2022,2023-01-02,9130,2022-11-28,0445,019041,,1,3,3,5202,0,1,1,,2,051,"I-5 NORTHBOUND","ADOBE ROAD",292.00,S,N,A,-,Y,TEH,,5,,R,27.409,H,,R,N,1,1,0,2,A,-,08,22107,,N,G,B,E,A,H,-,D,D,0,Y,,,,Y,,A,01,0,0,0,1,0,0,0,0,0,"- ","- ",40.191448211669922,-122.23397064208984,TEHAMA,"RED BLUFF",-122.23403167724609,40.191421508789062
6910872,2015,2015-05-21,9130,2015-04-24,1530,017334,,5,2,9,5200,0,2,4,,2,034,"ROAD 99 WEST","SOLAR DR",528.00,N,N,B,-,N,,,,,,,,,,Y,2,0,2,4,A,-,01,23152,E,N,B,C,A,A,H,-,A,D,0,,,,,Y,,A,07,1,0,1,0,0,0,0,0,0,"- ","- ",40.136670000000002,-122.20865000000001,TEHAMA,UNINCORPORATED,-122.20865000000001,40.136670000000002
6936587,2015,2015-06-29,9130,2015-05-14,2152,017334,,4,2,9,5200,0,2,4,,2,042,"SOUTH AV","MILLION RD",2112.00,E,N,A,-,N,,,,,,,,,,Y,2,0,1,1,A,-,01,23152,A,N,E,I,A,A,H,-,D,D,0,,,,,Y,Y,A,01,1,0,0,0,0,0,0,0,0,"- ","- ",,,TEHAMA,UNINCORPORATED,-122.13301208999999,39.906438469999998
90108310,2016,2016-02-03,9130,2016-01-25,1500,014291,,1,2,9,5200,0,1,3,,1,031,"STATE ROUTE 99E","NEW CREEK",220.00,S,N,A,-,Y,,,99,,,,,,,Y,2,0,1,1,C,-,18,,,N,E,I,A,A,H,-,A,D,0,,,,,Y,,-,"- ",1,0,0,0,0,0,0,0,0,"- ","- ",40.162199999999999,-122.15170000000001,TEHAMA,UNINCORPORATED,-122.15172561999999,40.16217571
92269310,2023,2023-12-22,9130,2023-12-15,2325,017873,,5,3,9,5200,0,1,S,,2,904,"INTERSTATE 5 SOUTHBOUND","VIOLA AVE",528.00,S,N,A,-,Y,TEH,,5," ",R,6.813,H,,L,Y,2,0,1,1,A,-,01,23152,A,N,F,A,A,A,H,-,D,D,0,,,,,Y,Y,A,01,1,0,0,0,0,0,0,0,0,"- ","- ",39.896770477294922,-122.20024871826172,TEHAMA,UNINCORPORATED,-122.20030975341797,39.896770477294922
94548120,2024,2025-01-24,9130,2024-12-04,1145,020735,,3,1,9,5200,0,3,5,,2,020,"RAWSON ROAD","GYLE ROAD",0.00,,Y,A,-,N,,,,,,,,,,Y,1,1,2,3,A,-,01,23152,A,N,D,C,A,A,H,-,A,A,0,,,,,Y,Y,A,07,0,1,1,0,0,0,0,0,0,"- ","- ",40.000869750976562,-122.22528839111328,TEHAMA,UNINCORPORATED,-122.22527313232422,40.000888824462891
90008052,2015,2015-10-19,9130,2015-08-04,0518,015565,,2,3,9,5200,0,2,4,,2,034,"ROAD 99W","SUNBRIGHT AVENUE",232.00,N,N,A,-,N,,,,,,,,,,Y,1,1,0,2,A,-,03,22350,,N,D,C,A,A,H,-,D,D,0,,,,Y,Y,,A,01,0,0,0,0,0,0,0,0,0,"- ","- ",40.120399999999997,-122.19750000000001,TEHAMA,UNINCORPORATED,-122.19731672,40.120173659999999
90674524,2018,2018-03-05,9130,2018-02-20,0705,013996,,2,1,9,5200,0,3,5,,2,030,"MAIN STREET","COTTONWOOD CREEK",528.00,S,N,B,-,N,,,,,,,,,,Y,2,0,1,2,A,-,05,21460,A,F,A,C,A,A,H,-,A,D,0,,,,,Y,,A,01,1,0,0,0,0,0,0,0,0,"- ","- ",40.3743896484375,-122.28376007080078,TEHAMA,UNINCORPORATED,-122.2838134765625,40.374401092529297
5912089,2014,2014-02-05,9130,2014-01-04,2242,15829,,6,3,9,5200,0,1,1,,2,052,"RT 5","SOUR GRASS CRK",3168.00,S,N,A,-,Y,TEH,2,5,-,R,1.700,H,-,N,N,1,1,0,2,C,-,18,,,N,G,B,E,A,H,-,D,D,1,Y,,,,Y,,-,"- ",0,0,0,1,0,0,0,0,0,"- ","- ",39.822769999999998,-122.19987999999999,TEHAMA,UNINCORPORATED,-122.19979600000001,39.822627300000001
6291578,2014,2014-11-07,9130,2014-10-09,0636,17070,,4,1,9,5200,0,2,4,,2,035,"SAN BENITO AV","HOLMES RD",735.00,N,N,A,-,N,,,,,,,,,,Y,1,1,2,2,A,-,08,22107,,N,D,C,A,A,H,-,D,D,0,,,,,Y,,A,01,0,1,1,0,0,0,0,0,0,"- ","- ",40.040689999999998,-122.13889,TEHAMA,UNINCORPORATED,-122.13625,40.040579999999999
6292148,2015,2015-05-13,9130,2015-02-28,0130,15829,,6,3,9,5200,0,2,4,,2,043,"ROAD 99 W","CHRISTIAN RD",1584.00,S,N,A,-,N,,,,,,,,,,Y,1,1,0,1,C,-,18,,,N,H,H,A,A,H,-,D,D,0,,,Y,,Y,,-,"- ",0,0,0,0,0,0,0,1,0,"- ","- ",39.807130000000001,-122.1973,TEHAMA,UNINCORPORATED,-122.19732082,39.808180360000001
6292257,2015,2017-04-04,9130,2015-04-24,0533,17227,,5,3,9,5200,0,1,1,,2,052,"RT 5","GYLE RD",510.00,N,N,B,-,Y,TEH,2,5,-,R,14.129,R,2,S,Y,1,1,0,1,A,-,01,23152,A,N,E,I,A,A,H,-,D,D,1,,,,,Y,Y,D,22,0,0,0,0,0,0,0,0,0,TO,"- ",40.001530000000002,-122.20663999999999,TEHAMA,UNINCORPORATED,-122.20639610000001,40.002517570000002
6444635,2014,2015-11-14,9130,2014-03-26,1740,016408,,3,2,9,5200,0,1,1,,2,051,"RT 5","SUNSET HILLS DR",1056.00,N,N,B,-,Y,TEH,2,5,-,-,38.990,H,-,S,Y,2,0,1,1,A,-,01,23152,E,N,E,I,A,B,H,-,A,D,1,,,,,Y,,A,07,1,0,0,0,0,0,0,0,0,"- ","- ",40.330390000000001,-122.28149000000001,TEHAMA,UNINCORPORATED,-122.2816497,40.330939540000003
6479314,2014,2014-08-07,9130,2014-05-09,2300,17070,,5,3,9,5200,0,3,5,,2,010,"MATLOCK LOOP RD","MCCOY RD",11616.00,S,N,A,-,N,,,,,,,,,,Y,2,0,2,1,A,-,08,22107,,N,E,I,A,A,B,-,D,D,0,,,,,Y,,D,22,1,0,1,0,0,0,0,0,0,"- ","- ",40.266170000000002,-122.34724,TEHAMA,UNINCORPORATED,-122.34723763,40.267317849999998
6507310,2014,2015-11-19,9130,2014-06-08,1612,015681,,7,2,9,5200,0,1,3,,1,012,"RT 36","MCCOY RD",3168.00,W,N,A,-,Y,TEH,2,36,-,R,38.690,H,-,E,Y,2,0,1,1,A,-,08,22107,,N,E,I,A,A,H,-,A,D,0,,,,,Y,,D,22,1,0,0,0,0,0,0,0,0,"- ","- ",40.213700000000003,-122.27419999999999,TEHAMA,UNINCORPORATED,-122.27829257,40.216561640000002
6508945,2014,2014-07-31,9130,2014-05-22,2025,17070,,4,2,9,5200,0,2,4,,2,013,"BOWMAN RD","SEBASTIAN CT",450.00,E,N,A,-,N,,,,,,,,,,Y,2,0,1,1,A,-,01,23152,E,N,E,I,A,A,H,-,B,D,0,,,,,Y,,A,01,1,0,0,0,0,0,0,0,0,"- ","- ",40.354430000000001,-122.3455,TEHAMA,UNINCORPORATED,-122.34627315,40.35394625
6568720,2014,2016-04-27,9130,2014-07-11,1620,017227,,5,2,9,5200,0,1,3,,1,032,"RT 36","SANFORD ST",300.00,E,N,A,-,Y,TEH,2,36,-,-,44.310,H,-,W,N,2,0,2,2,A,-,09,21804,A,N,D,C,A,A,H,-,A,D,0,,,Y,,Y,,D,22,1,1,0,0,0,0,0,0,2,"- ","- ",40.190510000000003,-122.18547,TEHAMA,UNINCORPORATED,-122.1856114,40.190181629999998
6573224,2014,2015-12-21,9130,2014-07-20,0510,15225,,7,3,9,5200,0,2,4,,2,034,"RT 99","GYLE RD",5280.00,S,N,A,-,N,,,,,,,,,,Y,2,0,2,1,A,-,01,23152,A,N,F,A,A,A,H,-,D,D,0,,,,,Y,Y,A,01,1,0,1,0,0,0,0,0,0,"- ","- ",40.001399999999997,-122.1729,TEHAMA,UNINCORPORATED,-122.17480481,39.99124321
6573668,2014,2016-04-27,5202,2014-07-09,1555,895,RBPD,3,5,3,5202,0,0,0,,0,,"RT 36","WILTSEY RD",0.00,,Y,-,-,Y,TEH,2,36,-,-,42.720,I,5,E,N,2,0,1,2,A,-,11,21954,A,N,G,B,D,A,H,-,A,D,0,Y,,,,Y,,-,"- ",1,0,0,0,1,0,0,0,0,"- ","- ",,,TEHAMA,"RED BLUFF",-122.20998186999999,40.186113149999997
6573995,2014,2014-08-27,9130,2014-07-19,1700,016408,,6,2,9,5200,0,3,5,,2,030,"HOGSBACK RD","PLUM CREEK RD",52800.00,W,N,A,-,N,,,,,,,,,,N,2,0,1,1,A,-,01,23152,A,N,F,A,A,A,A,B,A,D,0,,,Y,,Y,Y,C,06,1,0,0,0,0,0,0,0,1,"- ","- ",,,TEHAMA,UNINCORPORATED,-121.97198172,40.251298929999997
6573996,2014,2014-08-27,9130,2014-07-18,1610,016408,,5,2,9,5200,0,3,5,,2,040,"GALLAGHER AV","HOUGHTON AV",145.00,E,N,A,-,N,,,,,,,,,,Y,2,0,2,1,A,-,08,22107,,N,E,I,A,A,H,-,A,D,0,,,Y,,Y,,C,02,1,1,0,0,0,0,0,0,2,"- ","- ",,,TEHAMA,UNINCORPORATED,-122.1876827,39.942428890000002