CASE_ID,ACCIDENT_YEAR,PROC_DATE,JURIS,COLLISION_DATE,COLLISION_TIME,OFFICER_ID,REPORTING_DISTRICT,DAY_OF_WEEK,CHP_SHIFT,POPULATION,CNTY_CITY_LOC,SPECIAL_COND,BEAT_TYPE,CHP_BEAT_TYPE,CITY_DIVISION_LAPD,CHP_BEAT_CLASS,BEAT_NUMBER,PRIMARY_RD,SECONDARY_RD,DISTANCE,DIRECTION,INTERSECTION,WEATHER_1,WEATHER_2,STATE_HWY_IND,CALTRANS_COUNTY,CALTRANS_DISTRICT,STATE_ROUTE,ROUTE_SUFFIX,POSTMILE_PREFIX,POSTMILE,LOCATION_TYPE,RAMP_INTERSECTION,SIDE_OF_HWY,TOW_AWAY,COLLISION_SEVERITY,NUMBER_KILLED,NUMBER_INJURED,PARTY_COUNT,PRIMARY_COLL_FACTOR,PCF_CODE_OF_VIOL,PCF_VIOL_CATEGORY,PCF_VIOLATION,PCF_VIOL_SUBSECTION,HIT_AND_RUN,TYPE_OF_COLLISION,MVIW,PED_ACTION,ROAD_SURFACE,ROAD_COND_1,ROAD_COND_2,LIGHTING,CONTROL_DEVICE,CHP_ROAD_TYPE,PEDESTRIAN_ACCIDENT,BICYCLE_ACCIDENT,MOTORCYCLE_ACCIDENT,TRUCK_ACCIDENT,NOT_PRIVATE_PROPERTY,ALCOHOL_INVOLVED,STWD_VEHTYPE_AT_FAULT,CHP_VEHTYPE_AT_FAULT,COUNT_SEVERE_INJ,COUNT_VISIBLE_INJ,COUNT_COMPLAINT_PAIN,COUNT_PED_KILLED,COUNT_PED_INJURED,COUNT_BICYCLIST_KILLED,COUNT_BICYCLIST_INJURED,COUNT_MC_KILLED,COUNT_MC_INJURED,PRIMARY_RAMP,SECONDARY_RAMP,LATITUDE,LONGITUDE,COUNTY,CITY,POINT_X,POINT_Y
6590251,2014,2016-04-26,9130,2014-08-01,2230,015829,,5,3,9,5200,0,1,1,,2,052,"RT 5","TEHAMA AV",2112.00,S,N,A,-,Y,TEH,2,5,-,R,15.600,H,-,N,Y,2,0,2,3,A,-,08,22107,,N,A,C,A,A,H,-,D,D,1,,,,,Y,,A,01,1,1,0,0,0,0,0,0,0,"- ","- ",40.024050000000003,-122.20953,TEHAMA,UNINCORPORATED,-122.20955578,40.023761669999999
6594884,2014,2016-04-26,9140,2014-08-03,1810,18851,,7,2,9,5200,0,1,3,,2,064,"RT 172","RT 36",7920.00,W,N,B,-,Y,TEH,2,172,-,-,7.910,H,-,E,Y,2,0,1,1,A,-,08,22107,,N,E,I,A,A,H,-,A,D,0,,,Y,,Y,,C,02,1,0,0,0,0,0,0,0,1,"- ","- ",,,TEHAMA,UNINCORPORATED,-121.51911985,40.348566890000001
6621896,2014,2014-10-03,9130,2014-09-01,0035,014291,9130,1,3,9,5200,0,3,5,,2,040,"MARGUERITE AV","SOUTH AV",0.00,,Y,A,-,N,,,,,,,,,,Y,2,0,2,1,A,-,01,23152,A,N,E,I,A,A,H,-,C,A,0,,,,,Y,Y,D,22,2,0,0,0,0,0,0,0,0,"- ","- ",39.906199999999998,-122.1694,TEHAMA,UNINCORPORATED,-122.16941994,39.906229979999999
6628681,2014,2016-04-26,9130,2014-09-05,0015,017070,,5,3,9,5200,0,1,3,,1,041,"RT 99","ROWLES RD",1584.00,N,N,A,-,Y,TEH,2,99,-,-,2.930,H,-,N,Y,2,0,1,1,A,-,01,23152,F,N,E,I,A,A,H,-,D,D,0,,,,,Y,Y,A,01,1,0,0,0,0,0,0,0,0,"- ","- ",,,TEHAMA,UNINCORPORATED,-122.01359348,39.914870700000002
6678263,2014,2015-12-29,9130,2014-09-30,1825,15400,,2,2,9,5200,0,3,5,,2,040,"HALL RD","RIVER RD",3696.00,N,N,A,-,N,,,,,,,,,,Y,1,2,0,1,A,-,01,23152,A,N,E,I,A,A,G,H,A,D,0,,,,,Y,Y,D,22,0,0,0,0,0,0,0,0,0,"- ","- ",39.985340000000001,-122.1245,TEHAMA,UNINCORPORATED,-122.1238,39.983370000000001
6710723,2014,2016-06-14,9140,2014-10-10,1520,017925,,5,2,9,5200,0,1,3,,2,065,"RT 89","RT 36",6336.00,N,N,A,-,Y,TEH,2,89,-,-,1.220,H,-,N,Y,2,0,1,1,A,-,08,22107,,N,F,A,A,A,H,-,A,D,0,,,Y,,Y,,C,02,1,0,0,0,0,0,0,0,1,"- ","- ",40.38203,-121.5254,TEHAMA,UNINCORPORATED,-121.52535464,40.381376080000003
6724496,2014,2015-01-16,5202,2014-11-14,0643,1650,RBPD,5,5,3,5202,0,0,0,,0,0643,"MONTGOMERY RD","HINKLE ST",593.00,N,N,B,-,N,,,,,,,,,,Y,2,0,1,1,A,-,05,21650,,F,E,I,A,A,H,-,A,D,0,,,,,Y,,A,01,1,0,0,0,0,0,0,0,0,"- ","- ",,,TEHAMA,"RED BLUFF",-122.22627934,40.159637689999997
6726912,2014,2015-01-20,5202,2014-11-17,1027,1650,,1,5,3,5202,0,0,0,,0,,"S MAIN ST","FISH RD",94.00,N,N,A,-,N,,,,,,,,,,N,2,0,1,2,A,-,10,21952,,N,G,B,F,A,H,-,A,D,0,Y,,,,Y,,D,22,1,0,0,0,1,0,0,0,0,"- ","- ",,,TEHAMA,"RED BLUFF",,
6754440,2014,2015-02-10,9130,2014-12-14,0820,013996,,7,1,9,5200,0,3,5,,2,040,"LOLITA AV","MARY AV",2112.00,E,N,B,-,N,,,,,,,,,,Y,2,0,1,1,A,-,01,23152,A,N,E,I,A,A,H,-,A,D,0,,,,,Y,Y,D,22,1,0,0,0,0,0,0,0,0,"- ","- ",39.9133,-122.1478,TEHAMA,UNINCORPORATED,-122.14306861,39.913270019999999
6789048,2015,2016-04-13,9130,2015-01-23,2045,016355,,5,2,9,5200,0,2,4,,2,034,"RT 99","SUNBRIGHT AV",4752.00,S,N,A,-,N,,,,,,,,,,Y,2,0,1,2,A,-,01,23152,A,N,C,C,A,A,H,-,C,D,0,,,,,Y,Y,A,01,1,0,0,0,0,0,0,0,0,"- ","- ",40.107430000000001,-122.18871,TEHAMA,UNINCORPORATED,-122.18863249,40.107460070000002
6789872,2014,2015-02-23,5202,2014-12-23,1854,1650,RBPD,2,5,3,5202,0,0,0,,0,004,"S MAIN ST","DIAMOND AV",296.00,S,N,A,-,N,,,,,,,,,,N,2,0,1,2,A,-,11,21955,,N,G,B,D,A,H,-,D,D,0,Y,,,,Y,Y,N,60,1,0,0,0,1,0,0,0,0,"- ","- ",,,TEHAMA,"RED BLUFF",-122.22808405000001,40.164958769999998
6854199,2014,2015-04-14,5202,2014-09-30,1034,1166,RBPD,2,5,3,5202,0,0,0,,0,001,"RT 36","PHILBROOK AV",104.00,E,N,A,-,Y,TEH,2,36,-,-,43.020,H,-,E,Y,1,1,1,3,A,-,01,23152,E,N,G,B,F,A,H,-,A,D,0,Y,,,,Y,,A,01,1,0,0,1,1,0,0,0,0,"- ","- ",,,TEHAMA,"RED BLUFF",-122.20439999,40.185961140000003
6854625,2015,2017-04-25,9130,2015-03-07,1030,17250,,6,1,9,5200,0,3,5,,2,010,"MATLOCK LOOP RD","HEITMAN RD",111.00,S,N,A,-,N,,,,,,,,,,N,1,1,1,1,A,-,08,22107,,N,F,A,A,A,H,-,A,D,0,,,Y,,Y,Y,C,06,0,1,0,0,0,0,0,1,1,"- ","- ",40.281559999999999,-122.32942,TEHAMA,UNINCORPORATED,-122.32938009,40.281516910000001
6860689,2015,2015-04-22,9130,2015-03-09,1740,15681,,1,2,9,5200,0,2,4,,2,043,"ROAD 99 WEST","GERBER RD",0.00,,Y,A,-,N,,,,,,,,,,Y,2,0,2,2,A,-,09,21802,A,N,D,C,A,A,H,-,D,A,0,,,,,Y,,A,01,1,0,1,0,0,0,0,0,0,"- ","- ",40.047890000000002,-122.17034,TEHAMA,UNINCORPORATED,-122.1704415,40.047381000000001
6883361,2015,2016-11-03,9130,2015-04-03,1955,17334,,5,2,9,5200,0,1,1,,2,051,"RT 5","ANTELOPE BL",528.00,N,N,A,-,Y,TEH,2,5,-,R,26.712,R,2,N,Y,2,0,2,1,A,-,01,23152,A,N,F,A,A,A,H,-,C,D,1,,,Y,,Y,Y,C,02,1,1,0,0,0,0,0,0,2,FR,"- ",40.182549999999999,-122.22648,TEHAMA,UNINCORPORATED,-122.22690779,40.183013770000002
6893552,2015,2015-06-04,9130,2015-04-20,1820,13996,,1,2,9,5200,0,3,5,,2,010,"TYLER RD","E CHARD AV",508.00,N,N,-,-,N,,,,,,,,,,Y,2,0,1,1,A,-,01,23152,A,N,-,-,A,-,-,-,-,-,0,,,,,Y,,D,22,1,0,0,0,0,0,0,0,0,"- ","- ",40.069800000000001,-122.14951000000001,TEHAMA,UNINCORPORATED,-122.14949116,40.069689080000003
6905619,2015,2017-04-04,9130,2015-04-17,1800,16355,,5,2,9,5200,0,3,5,,2,040,"PASKENTA RD","GYLE RD",1584.00,S,N,A,-,N,,,,,,,,,,Y,1,1,0,1,A,-,01,23152,A,N,E,I,A,A,H,-,A,D,0,,,,,Y,Y,A,01,0,0,0,0,0,0,0,0,0,"- ","- ",39.982900000000001,-122.30177,TEHAMA,UNINCORPORATED,-122.30221403,39.997552990000003
6936481,2015,2015-06-27,9130,2015-05-16,1126,17070,,6,1,9,5200,0,2,4,,2,042,"SOUTH AV","RHODE ISLAND AV",175.00,E,N,A,-,N,,,,,,,,,,Y,2,0,3,2,A,-,08,22107,,N,A,C,A,A,H,-,A,D,0,,,,,Y,,D,22,1,2,0,0,0,0,0,0,0,"- ","- ",39.906880000000001,-122.0954,TEHAMA,UNINCORPORATED,-122.09609974,39.906598160000001
6945986,2015,2016-11-03,9140,2015-05-06,1948,016169,,3,2,9,5200,0,1,3,,2,065,"RT 89","RT 36",19800.00,N,N,A,-,Y,TEH,2,89,-,-,3.760,H,-,S,Y,2,0,1,1,A,-,08,22107,,N,F,A,A,A,H,-,A,D,0,,,Y,,Y,,C,02,1,0,0,0,0,0,0,0,1,"- ","- ",,,TEHAMA,UNINCORPORATED,-121.53082617,40.415929380000001
6954464,2015,2016-11-04,9140,2015-05-30,0915,016169,,6,1,9,5200,0,1,3,,2,061,"RT 36","RT 32",1056.00,W,N,A,-,Y,TEH,2,36,-,-,99.770,H,-,W,Y,2,0,1,1,C,-,18,,,N,H,H,A,A,H,-,A,D,0,,,Y,,Y,,-,"- ",1,0,0,0,0,0,0,0,1,"- ","- ",,,TEHAMA,UNINCORPORATED,-121.42337105,40.281138560000002
6965330,2015,2015-07-09,9130,2015-06-12,1755,17562,,5,2,9,5200,0,2,4,,2,034,"ROAD 99 W","RIVERSIDE AV",1584.00,N,N,A,-,N,,,,,,,,,,N,2,0,1,2,A,-,09,21804,A,N,A,C,A,A,H,-,A,D,0,,,Y,,Y,,A,01,1,0,0,0,0,0,0,0,1,"- ","- ",40.149419999999999,-122.21711000000001,TEHAMA,UNINCORPORATED,-122.21351669000001,40.143820179999999
6978621,2015,2015-07-21,9130,2015-07-03,1030,017912,,5,1,9,5200,0,3,5,,2,020,"RAWSON RD","GYLE RD",2640.00,N,N,A,-,N,,,,,,,,,,Y,2,0,1,2,A,-,03,22350,,N,C,C,A,A,H,-,A,D,0,,,,,Y,,A,01,1,0,0,0,0,0,0,0,0,"- ","- ",,,TEHAMA,UNINCORPORATED,-122.22536397,40.008119170000001
7037840,2015,2015-08-28,9130,2015-07-23,2135,17070,,4,2,9,5200,0,3,5,,2,040,"HOUGHTON AV","GALLAGHER AV",0.00,,Y,A,-,N,,,,,,,,,,Y,2,0,2,2,A,-,01,23152,A,N,D,C,A,A,H,-,D,A,0,,,,,Y,Y,A,01,1,0,1,0,0,0,0,0,0,"- ","- ",39.942340000000002,-122.18819000000001,TEHAMA,UNINCORPORATED,-122.18819993,39.942429949999998
7037853,2015,2015-09-16,5202,2015-07-20,2117,1166,RBPD,1,5,3,5202,0,0,0,,0,003,"MAIN ST","ASH ST",18.00,S,N,A,-,N,,,,,,,,,,Y,2,0,1,2,A,-,11,21954,A,N,G,B,D,A,H,-,C,D,0,Y,,,,Y,,N,60,1,0,0,0,1,0,0,0,0,"- ","- ",,,TEHAMA,"RED BLUFF",-122.23188349,40.173969270000001
7190368,2016,2018-09-27,5202,2016-08-12,1052,1015,RBPD,5,5,3,5202,0,0,0,,0,,"ANTELOPE BL","WILTSEY RD",294.00,W,N,A,-,Y,TEH,2,36,-,-,42.660,H,-,W,N,1,1,1,2,A,-,08,22107,,N,D,G,A,A,H,-,A,D,0,,Y,,,Y,,L,04,0,1,0,0,0,1,0,0,0,"- ","- ",,,TEHAMA,"RED BLUFF",-122.21110265,40.186123270000003
8021067,2016,2016-04-15,5202,2016-03-21,1046,1166,RBPD,1,5,3,5202,0,0,0,,0,003,"WALNUT ST","MADISON ST",0.00,,Y,B,-,N,,,,,,,,,,N,2,0,1,2,A,-,10,21950,A,N,D,B,B,B,H,-,A,A,0,Y,,,,Y,Y,A,01,1,0,0,0,1,0,0,0,0,"- ","- ",40.176920000000003,-122.23871,TEHAMA,"RED BLUFF",-122.23871994,40.176889969999998
8149765,2016,2016-11-08,5202,2016-10-03,1621,1380,RBPD,1,5,3,5202,0,0,0,,0,,"MAIN ST","BRECKENRIDGE ST",145.00,N,N,B,-,N,,,,,,,,,,Y,2,0,5,2,A,-,08,22107,,N,E,C,A,A,H,-,A,D,0,,,,,Y,,I,19,1,2,2,0,0,0,0,0,0,"- ","- ",,,TEHAMA,"RED BLUFF",-122.23931408,40.184653670000003
8189210,2016,2016-12-20,5202,2016-11-30,0359,1380,RBPD,3,5,3,5202,0,0,0,,0,,"S MAIN ST","LIBERTY PKWY",411.00,S,N,C,-,N,,,,,,,,,,Y,2,0,2,2,A,-,05,21460,A,N,A,C,A,B,H,-,D,D,0,,,,,Y,,A,01,2,0,0,0,0,0,0,0,0,"- ","- ",,,TEHAMA,"RED BLUFF",-122.21876936,40.150783330000003
8354396,2017,2017-05-04,5202,2017-04-15,2035,0400,RBPD,6,5,3,5202,0,0,0,,0,,"FRANKLIN ST","HICKORY ST",176.00,N,N,A,-,N,,,,,,,,,,Y,2,0,1,1,A,-,01,23152,A,N,F,A,A,A,H,-,C,D,0,,,Y,,Y,Y,C,02,1,0,0,0,0,0,0,0,1,"- ","- ",40.17492,-122.24526,TEHAMA,"RED BLUFF",-122.24548099,40.175286389999997
8415743,2017,2018-06-15,5202,2017-11-09,1924,1455,RBPO,4,5,3,5202,0,0,0,,0,,"RT 36","SALE LN",5.00,W,N,A,-,Y,TEH,2,36,-,-,42.180,I,5,W,N,2,0,1,2,A,-,11,21456,B,N,G,B,B,A,H,-,C,A,0,Y,,,,Y,Y,N,60,1,0,0,0,1,0,0,0,0,"- ","- ",,,TEHAMA,"RED BLUFF",-122.21947863,40.183170750000002
8579871,2018,2018-03-21,5202,2018-03-10,2117,2470,RBPD,6,5,3,5202,0,0,0,,0,,"MAIN ST","DUNCAN RD",164.00,N,N,A,-,N,,,,,,,,,,N,2,0,1,2,A,-,11,21954,A,N,G,B,D,A,H,-,D,D,0,Y,,,,Y,,N,60,1,0,0,0,1,0,0,0,0,"- ","- ",,,TEHAMA,"RED BLUFF",-122.23880004882812,40.186607360839844
8627108,2018,2018-08-16,5202,2018-05-09,1317,6380,RBPD,3,5,3,5202,0,0,0,,0,,"RIO ST","RT 36",0.00,,Y,A,-,Y,TEH,2,36,-,-,41.350,I,5,W,N,2,0,1,2,A,-,17,21208,,N,H,G,A,A,H,-,A,D,0,,Y,,,Y,,L,04,1,0,0,0,0,0,1,0,0,"- ","- ",40.176651000976562,-122.23416137695312,TEHAMA,"RED BLUFF",-122.23258972167969,40.177345275878906
8706786,2018,2018-09-27,5202,2018-09-18,1946,0779,RBPD,2,5,3,5202,0,0,0,,0,,"DIAMOND AV","WALTON DR",840.00,S,N,A,-,N,,,,,,,,,,N,2,0,1,2,A,-,06,21760,B,N,C,G,A,A,H,-,C,D,0,,Y,,,Y,,A,01,1,0,0,0,0,0,1,0,0,"- ","- ",40.165611267089844,-122.22693634033203,TEHAMA,"RED BLUFF",-122.22605133056641,40.163356781005859
8760934,2018,2019-01-29,5202,2018-12-31,1938,1165,RBPD,1,5,3,5202,0,0,0,,0,,"GIVENS RD","SOUTH JACKSON ST",219.00,E,N,A,-,N,,,,,,,,,,Y,2,0,4,2,A,-,01,23152,A,N,D,C,A,A,H,-,C,D,0,,,,,Y,Y,D,22,1,3,0,0,0,0,0,0,0,"- ","- ",,,TEHAMA,"RED BLUFF",-122.23710632324219,40.159168243408203
90005568,2015,2015-10-19,9130,2015-07-13,2023,015565,,1,2,9,5200,0,1,3,,1,012,SR-36,"MEISTER COURT",0.00,,Y,A,-,Y,,,36,,,,,,,Y,2,0,1,1,A,-,08,22107,,N,E,I,A,A,H,-,A,D,0,,,Y,,Y,,C,02,1,0,0,0,0,0,0,0,1,"- ","- ",40.225009999999997,-122.31483,TEHAMA,UNINCORPORATED,-122.31483019,40.225006149999999
90005590,2015,2015-10-19,9130,2015-07-19,0555,015225,,7,3,9,5200,0,2,4,,2,034,"HIGHWAY 99W","CHARD AVE",1056.00,N,N,A,-,N,,,,,,,,,,Y,2,0,1,1,A,-,08,22107,,N,E,I,A,A,H,-,B,D,0,,,,,Y,Y,A,01,1,0,0,0,0,0,0,0,0,"- ","- ",40.071300000000001,-122.17001,TEHAMA,UNINCORPORATED,-122.17011184,40.071307259999998
90007992,2015,2015-10-19,9130,2015-08-01,1250,017250,,6,1,9,5200,0,3,5,,2,030,"RIVERSIDE AVE","ORANGE GROVE RD",225.00,E,N,A,-,N,,,,,,,,,,Y,2,0,2,2,A,-,08,22107,,N,C,E,A,A,H,-,A,D,0,,,,,Y,,A,01,1,1,0,0,0,0,0,0,0,"- ","- ",40.138420000000004,-122.21462,TEHAMA,UNINCORPORATED,-122.21441974,40.138520810000003
90008007,2015,2015-10-19,9130,2015-07-17,2105,016447,,5,2,9,5200,0,1,3,,1,031,"STATE ROUTE 99","ELECTRIC AVENUE",1080.00,S,N,A,-,Y,,,99,,,,,,,Y,1,2,3,1,A,-,08,22107,,N,E,I,A,A,H,-,B,D,0,,,,,Y,,E,22,2,1,0,0,0,0,0,0,0,"- ","- ",40.143070000000002,-122.13343,TEHAMA,UNINCORPORATED,-122.13354618,40.142960629999997
90010398,2015,2015-10-19,9140,2015-08-08,0715,013241,,6,1,9,5200,0,1,3,,2,063,"STATE ROUTE 36","DIAMOND ROAD 'A' LINE",4224.00,W,N,A,-,Y,,,36,,,,,,,Y,2,0,2,1,A,-,01,23152,A,N,F,A,A,A,H,-,A,D,0,,,,Y,Y,,F,27,2,0,0,0,0,0,0,0,0,"- ","- ",40.346240000000002,-121.68432,TEHAMA,UNINCORPORATED,-121.6843405,40.346201690000001
90014218,2015,2015-10-19,9130,2015-07-26,0053,017070,,7,3,9,5200,0,1,1,,2,052,"INTERSTATE 5 (NORTHBOUND)","TEHAMA AVE",535.00,N,N,A,-,Y,,,5,,,,,,,Y,1,2,4,2,A,-,05,21651,A,N,A,C,A,A,H,-,D,D,0,,,,,Y,,A,01,1,1,2,0,0,0,0,0,0,"- ","- ",40.03049,-122.21064,TEHAMA,UNINCORPORATED,-122.21064978,40.030488429999998
90018818,2015,2015-10-19,9130,2015-09-03,1520,018311,,4,2,9,5200,0,1,3,,1,012,"SR-36 E/B","BOWMAN RD",31680.00,W,N,A,-,Y,,,36,,,,,,E,Y,1,1,0,1,A,-,08,22107,,N,F,A,A,A,H,-,A,D,0,,,Y,,Y,,C,02,0,0,0,0,0,0,0,1,0,"- ","- ",40.282609999999998,-122.58540000000001,TEHAMA,UNINCORPORATED,-122.58538255000001,40.28263802
90020870,2015,2015-10-19,9130,2015-09-05,1400,018388,,6,2,9,5200,0,1,3,,1,032,SR-36,"SANFORD ST",0.00,,Y,A,-,Y,,,36,,,,,,,Y,2,0,2,2,A,-,09,21801,A,N,D,C,A,A,H,-,A,D,0,,,Y,,Y,,A,01,1,0,1,0,0,0,0,0,2,"- ","- ",40.189120000000003,-122.1858,TEHAMA,UNINCORPORATED,-122.18573370999999,40.189112369999997
90034694,2015,2015-10-20,9130,2015-10-05,1640,015681,,1,2,9,5200,0,1,3,,1,031,SR-99E,"SALT CREEK RD",899.00,S,N,A,-,Y,,,,,,,,,,Y,2,0,1,2,A,-,05,21460,A,N,A,C,A,A,H,-,A,D,0,,,,Y,Y,,A,01,1,0,0,0,0,0,0,0,0,"- ","- ",40.169519999999999,-122.16871,TEHAMA,UNINCORPORATED,-122.15655438,40.16709058
90100626,2016,2016-01-22,9130,2016-01-15,2000,018388,,5,2,9,5200,0,3,5,,2,040,"FLORES AVE","BATES AVE",2112.00,E,N,B,C,N,,,,,,,,,,Y,2,0,2,2,A,-,01,23152,A,N,B,C,A,B,H,-,D,D,0,,,,,Y,Y,A,01,1,0,1,0,0,0,0,0,0,"- ","- ",40.083390000000001,-122.18376000000001,TEHAMA,UNINCORPORATED,-122.1837616,40.08338268
90103781,2016,2016-01-27,9130,2016-01-22,1700,017227,,5,2,9,5200,0,3,5,,2,040,"VIOLA AVE","HWY 99W",420.00,E,N,B,-,N,,,,,,,,,,Y,2,0,1,1,A,-,01,23152,A,N,E,I,A,A,H,-,A,D,0,,,,,Y,Y,D,22,1,0,0,0,0,0,0,0,0,"- ","- ",39.8992,-122.19598000000001,TEHAMA,UNINCORPORATED,-122.19599264999999,39.899227140000001
90115906,2016,2016-02-16,9130,2016-02-05,1335,018391,,5,1,9,5200,0,3,5,,2,040,"TEHAMA AVE.","TRUCKEE AVE.",0.00,,Y,A,-,N,,,,,,,,,,Y,2,0,1,2,A,-,01,23152,A,N,D,C,A,A,H,-,A,A,0,,,,,Y,Y,D,22,1,0,0,0,0,0,0,0,0,"- ","- ",40.026000000000003,-122.1718,TEHAMA,UNINCORPORATED,-122.20013998,40.026109929999997
90140067,2016,2016-03-21,9130,2016-02-25,1600,018391,,4,2,9,5200,0,1,1,,2,051,"INTERSTATE 5 NORTHBOUND","BOWMAN ROAD",6336.00,S,N,A,-,Y,,,5,,,,,,N,Y,1,1,0,1,A,-,08,22107,,N,E,J,A,A,H,-,A,D,0,,,,,Y,,A,07,0,0,0,0,0,0,0,0,0,"- ","- ",40.349209999999999,-122.28193,TEHAMA,UNINCORPORATED,-122.28207184999999,40.349194660000002
90147242,2016,2016-03-29,9130,2016-03-22,0710,013996,,2,1,9,5200,0,3,5,,2,030,"ADOBE ROAD","MAYFAIR DRIVE",186.00,W,N,B,-,N,,,,,,,,,,Y,2,0,1,1,A,-,08,22107,,N,E,I,A,A,H,-,A,D,0,,,,,Y,,D,22,1,0,0,0,0,0,0,0,0,"- ","- ",40.195329999999998,-122.22898000000001,TEHAMA,UNINCORPORATED,-122.22844284999999,40.195456419999999
90154905,2016,2016-04-11,9130,2016-04-03,0920,015565,,7,1,9,5200,0,3,5,,2,030,"JELLYS FERRY ROAD","SPRING BRANCH RD",11088.00,W,N,B,-,N,,,,,,,,,,Y,2,0,1,1,A,-,08,22107,,N,E,I,A,A,H,-,A,D,0,,,,Y,Y,,G,26,1,0,0,0,0,0,0,0,0,"- ","- ",40.356180000000002,-122.1687,TEHAMA,UNINCORPORATED,-122.17864,40.391910000000003
90156118,2016,2016-04-12,9130,2016-04-04,1423,015565,,1,2,9,5200,0,1,1,,2,051,"I-5 NORTHBOUND TO WILCOX ROAD","WILCOX ROAD",0.00,,Y,A,-,Y,,,5,,,,R,,N,Y,2,0,2,1,A,-,01,23152,A,N,E,I,A,A,H,-,A,D,0,,,,,Y,Y,D,22,1,1,0,0,0,0,0,0,0,"- ","- ",40.219430000000003,-122.25081,TEHAMA,UNINCORPORATED,-122.25081,40.219430000000003
90165599,2016,2016-04-26,9130,2016-04-17,1300,017250,,7,1,9,5200,0,3,5,,2,040,"TRUCKEE AVE","GERBER RD",0.00,,Y,A,-,N,,,,,,,,,,Y,2,0,1,1,A,-,03,22350,,N,E,I,A,A,H,-,A,A,0,,,,,Y,,A,01,1,0,0,0,0,0,0,0,0,"- ","- ",40.047530000000002,-122.1987,TEHAMA,UNINCORPORATED,-122.19874987999999,40.047449899999997
90173338,2016,2016-05-05,9140,2016-04-16,1205,018847,,6,1,9,5200,0,1,3,,2,061,SR-36,"PLUMAS / LASSEN COUNTY LINE",7920.00,W,N,A,-,Y,,,,,,,,,,Y,2,0,1,2,A,-,08,22107,,N,D,C,A,A,H,-,A,D,0,,,Y,,Y,,A,07,1,0,0,0,0,0,0,0,1,"- ","- ",,,TEHAMA,UNINCORPORATED,,
90176152,2016,2016-05-10,9130,2016-04-29,2500,017562,,5,4,9,5200,0,3,5,,2,020,"RAWSON RD","BURTON AVE",150.00,E,N,A,-,N,,,,,,,,,,Y,2,0,1,1,A,-,01,23152,A,N,E,I,A,A,H,-,D,D,0,,,,,Y,Y,A,01,1,0,0,0,0,0,0,0,0,"- ","- ",39.961599999999997,-122.22122,TEHAMA,UNINCORPORATED,-122.22089676,39.96128014
90200485,2016,2016-06-13,9130,2016-06-05,1342,015565,,7,1,9,5200,0,3,5,,2,020,"BLACK BUTTE ROAD","CHITTENDEN ROAD",12144.00,S,N,A,-,N,,,,,,,,,,Y,2,0,1,1,A,-,08,22107,,N,E,I,A,A,H,-,A,D,0,,,,,Y,,D,22,1,0,0,0,0,0,0,0,0,"- ","- ",39.892200000000003,-122.30486999999999,TEHAMA,UNINCORPORATED,-122.30161581999999,39.892910000000001
90278262,2016,2016-09-28,9130,2016-09-21,1545,015565,,3,2,9,5200,0,3,5,,2,010,"DRAPER ROAD","WAYNE LANE",45.00,E,N,A,-,Y,,,,,,,,,,N,2,0,1,1,A,-,03,22350,,N,F,A,A,A,H,-,A,D,0,,,Y,,Y,,C,02,1,0,0,0,0,0,0,0,1,"- ","- ",40.367660000000001,-122.30311,TEHAMA,UNINCORPORATED,-122.30318846,40.367640899999998
90282500,2016,2016-10-03,9130,2016-09-25,0518,018388,,7,3,9,5200,0,2,4,,2,034,"HWY 99W","POMONA AVE",64.00,S,N,A,-,Y,,,,,,,,,,Y,2,0,1,1,A,-,01,23152,A,N,F,A,A,A,H,-,D,D,0,,,,,Y,Y,A,01,1,0,0,0,0,0,0,0,0,"- ","- ",40.02158,-122.17167999999999,TEHAMA,UNINCORPORATED,,
90314573,2016,2016-11-08,9130,2016-10-28,1735,019041,,5,2,9,5200,0,2,4,,2,043,"ROAD 99W","GALLAGHER AVE",140.00,S,N,B,C,N,,,,,,,,,,Y,2,0,3,3,A,-,03,22350,,N,C,C,A,B,H,-,B,D,0,,,,,Y,,A,08,1,0,2,0,0,0,0,0,0,"- ","- ",39.942169999999997,-122.17917,TEHAMA,UNINCORPORATED,-122.17917568,39.942005569999999
90320912,2016,2016-12-07,9130,2016-11-05,2500,020975,,6,4,9,5200,0,3,5,,2,030,"PONDEROSA WAY","PLUM CREEK RD",38016.00,E,N,A,-,N,,,,,,,,,,Y,1,1,0,1,A,-,08,22107,,N,E,I,A,A,H,-,D,D,0,,,,,Y,,D,23,0,0,0,0,0,0,0,0,0,"- ","- ",40.158729999999998,-121.47211,TEHAMA,UNINCORPORATED,-121.78799825,40.265149190000002
90344717,2016,2016-12-14,9130,2016-12-05,1715,013996,,1,2,9,5200,0,1,3,,1,031,SR-99E,"KANSAS AVENUE",31.00,N,N,A,-,Y,,,99,,,,,,,Y,2,0,1,2,A,-,03,22350,,N,C,C,A,A,H,-,D,D,0,,,,,Y,,A,08,1,0,0,0,0,0,0,0,0,"- ","- ",40.123399999999997,-122.1206,TEHAMA,UNINCORPORATED,-122.12062761999999,40.123390450000002
90357651,2016,2017-02-15,9130,2016-12-20,2110,013996,,2,2,9,5200,0,1,1,,2,052,"SOUTHBOUND I-5","TEHAMA AVENUE",2112.00,S,N,A,-,Y,,,5,,,,,,,Y,2,0,1,2,A,-,01,23152,A,N,C,C,A,A,H,-,D,D,0,,,Y,,Y,Y,C,02,1,0,0,0,0,0,0,0,1,"- ","- ",40.0259,-122.20999999999999,TEHAMA,UNINCORPORATED,-122.20991055,40.025914749999998