CASE_ID,ACCIDENT_YEAR,PROC_DATE,JURIS,COLLISION_DATE,COLLISION_TIME,OFFICER_ID,REPORTING_DISTRICT,DAY_OF_WEEK,CHP_SHIFT,POPULATION,CNTY_CITY_LOC,SPECIAL_COND,BEAT_TYPE,CHP_BEAT_TYPE,CITY_DIVISION_LAPD,CHP_BEAT_CLASS,BEAT_NUMBER,PRIMARY_RD,SECONDARY_RD,DISTANCE,DIRECTION,INTERSECTION,WEATHER_1,WEATHER_2,STATE_HWY_IND,CALTRANS_COUNTY,CALTRANS_DISTRICT,STATE_ROUTE,ROUTE_SUFFIX,POSTMILE_PREFIX,POSTMILE,LOCATION_TYPE,RAMP_INTERSECTION,SIDE_OF_HWY,TOW_AWAY,COLLISION_SEVERITY,NUMBER_KILLED,NUMBER_INJURED,PARTY_COUNT,PRIMARY_COLL_FACTOR,PCF_CODE_OF_VIOL,PCF_VIOL_CATEGORY,PCF_VIOLATION,PCF_VIOL_SUBSECTION,HIT_AND_RUN,TYPE_OF_COLLISION,MVIW,PED_ACTION,ROAD_SURFACE,ROAD_COND_1,ROAD_COND_2,LIGHTING,CONTROL_DEVICE,CHP_ROAD_TYPE,PEDESTRIAN_ACCIDENT,BICYCLE_ACCIDENT,MOTORCYCLE_ACCIDENT,TRUCK_ACCIDENT,NOT_PRIVATE_PROPERTY,ALCOHOL_INVOLVED,STWD_VEHTYPE_AT_FAULT,CHP_VEHTYPE_AT_FAULT,COUNT_SEVERE_INJ,COUNT_VISIBLE_INJ,COUNT_COMPLAINT_PAIN,COUNT_PED_KILLED,COUNT_PED_INJURED,COUNT_BICYCLIST_KILLED,COUNT_BICYCLIST_INJURED,COUNT_MC_KILLED,COUNT_MC_INJURED,PRIMARY_RAMP,SECONDARY_RAMP,LATITUDE,LONGITUDE,COUNTY,CITY,POINT_X,POINT_Y
90362243,2016,2017-01-05,9130,2016-12-28,1400,018311,,3,2,9,5200,0,3,5,,2,010,"CENTER AVE","LAKE AVE",0.00,,Y,A,-,N,,,,,,,,,,Y,2,0,1,2,A,-,09,21800,A,N,D,C,A,A,H,-,A,D,0,,,Y,,Y,,C,02,1,0,0,0,0,0,0,0,1,"- ","- ",40.181710000000002,-122.23013,TEHAMA,UNINCORPORATED,-122.23082997,40.181219890000001
90390364,2017,2017-02-10,9130,2017-02-05,0705,015225,,7,1,9,5200,0,2,4,,2,035,"SAN BENITO AVE","RAMSAY AVE",100.00,S,N,B,-,N,,,,,,,,,,Y,2,0,5,1,A,-,08,22107,,N,E,I,A,A,H,-,A,D,0,,,,,Y,,A,01,5,0,0,0,0,0,0,0,0,"- ","- ",40.058799999999998,-122.15389999999999,TEHAMA,UNINCORPORATED,-122.15400896,40.059018899999998
90408795,2017,2017-03-09,9140,2017-03-05,1605,015598,,7,2,9,5200,0,1,3,,2,062,"STATE ROUTE 32","LOWER ALDER CREEK CAMP.",6072.00,E,N,D,-,Y,,,32,,,,,,,Y,2,0,3,1,A,-,03,22350,,N,E,I,A,C,H,-,A,D,0,,,,,Y,,A,07,1,2,0,0,0,0,0,0,0,"- ","- ",40.219160000000002,-121.48218,TEHAMA,UNINCORPORATED,-121.48218673,40.219104880000003
90424629,2017,2017-03-30,9130,2017-03-17,1355,015667,,5,1,9,5200,0,2,4,,2,042,"SOUTH AVENUE","ROWLES RD",0.00,,Y,B,-,N,,,,,,,,,,Y,2,0,3,2,A,-,09,21802,A,N,D,C,A,A,H,-,A,D,0,,,,,Y,,A,01,3,0,0,0,0,0,0,0,0,"- ","- ",39.92333,-122.04973,TEHAMA,UNINCORPORATED,-122.04975995,39.923329979999998
90426756,2017,2017-04-04,9130,2017-03-26,1840,016355,,7,2,9,5200,0,3,5,,2,010,"DUSTY WAY","RAWSON ROAD",4224.00,W,N,B,C,N,,,,,,,,,,Y,2,0,1,1,A,-,08,22107,,N,E,I,A,B,H,-,A,D,0,,,,,Y,,A,07,1,0,0,0,0,0,0,0,0,"- ","- ",40.069769999999998,-122.25122,TEHAMA,UNINCORPORATED,-122.24847518999999,40.077281759999998
90456017,2017,2017-05-15,9130,2017-04-21,1848,015464,,5,2,9,5200,0,2,4,,2,013,"BOWMAN ROAD","SEBASTIAN COURT",54.00,E,N,A,-,N,,,,,,,,,,Y,2,0,1,1,A,-,05,21460,A,F,F,A,A,A,H,-,A,D,0,,,Y,,Y,,C,02,1,0,0,0,0,0,0,0,1,"- ","- ",40.353400000000001,-122.3475,TEHAMA,UNINCORPORATED,-122.3474726,40.353364730000003
90470878,2017,2017-06-05,9130,2017-05-25,1125,019041,,4,1,9,5200,0,1,3,,1,012,SR-36W,"KINNEY AVE",150.00,W,N,A,-,Y,,,36,,,,,,,Y,2,0,1,1,A,-,08,22107,,N,F,A,A,A,H,-,A,D,0,,,,,Y,,A,07,1,0,0,0,0,0,0,0,0,"- ","- ",40.22016,-122.28258,TEHAMA,UNINCORPORATED,-122.28253427999999,40.220276699999999
90476284,2017,2017-06-12,9130,2017-06-04,0115,017562,,7,3,9,5200,0,3,5,,2,040,"TEHAMA AND VINA RD","ENGLEHORN RD",3168.00,S,N,A,-,N,,,,,,,,,,Y,2,0,1,1,A,-,08,22107,,N,E,I,A,A,H,-,D,D,0,,,,,Y,,A,07,1,0,0,0,0,0,0,0,0,"- ","- ",40.000439999999998,-122.07358000000001,TEHAMA,UNINCORPORATED,-122.07349956,40.000454259999998
90477785,2017,2017-06-14,9130,2017-06-07,1612,015829,,3,2,9,5200,0,1,3,,1,031,"S.R. 99E","PATTERSON RD",633.00,S,N,A,-,Y,,,,,,,,,,Y,2,0,2,3,A,-,03,22350,,N,C,C,A,A,H,-,A,A,0,,,,Y,Y,,G,25,1,1,0,0,0,0,0,0,0,"- ","- ",40.159410000000001,-122.14909,TEHAMA,UNINCORPORATED,,
90501721,2017,2017-07-17,9130,2017-06-18,0420,017562,,7,3,9,5200,0,1,3,,1,041,"STATE ROUTE 99 (SR-99)","JOSEPHINE ST",67.00,S,N,A,-,Y,,,,,,,,,,Y,1,1,0,1,A,-,08,22107,,N,E,I,A,A,H,-,D,D,0,,,,,Y,,B,07,0,0,0,0,0,0,0,0,0,"- ","- ",40.278829999999999,-122.09972999999999,TEHAMA,UNINCORPORATED,,
90506827,2017,2017-07-24,9130,2017-07-13,1550,015667,,4,2,9,5200,0,1,3,,1,012,"SR-36 E/B","BOWMAN ROAD",4224.00,E,N,A,-,Y,,,36,,,,,,E,Y,2,0,1,1,A,-,08,22107,,N,E,I,A,A,H,-,A,D,0,,,Y,,Y,,C,02,1,0,0,0,0,0,0,0,1,"- ","- ",40.268459999999997,-122.48786,TEHAMA,UNINCORPORATED,-122.48780427,40.268464180000002
90535496,2017,2017-08-28,9130,2017-08-15,0845,015225,,2,1,9,5200,0,1,3,,1,031,SR-99,"CONE GROVE ROAD",163.00,S,N,A,-,Y,,,99,,,,,,,Y,2,0,4,4,A,-,05,21460,C,N,B,C,A,A,H,-,A,D,0,,,,Y,Y,,A,01,1,2,1,0,0,0,0,0,0,"- ","- ",40.169400000000003,-122.16195,TEHAMA,UNINCORPORATED,-122.16195664999999,40.169390800000002
90536115,2017,2017-08-29,9130,2017-08-10,0319,016447,,4,3,9,5200,0,1,1,,2,052,"INTERSTATE 5 (I-5) NORTHBOUND (N/B)","SOUR GRASS CREEK",690.00,N,N,A,-,Y,,,5,,,,,,N,Y,1,1,0,2,A,-,01,23152,A,N,A,C,A,A,H,-,D,D,0,,,,Y,Y,Y,A,01,0,0,0,0,0,0,0,0,0,"- ","- ",39.817259999999997,-122.20005999999999,TEHAMA,UNINCORPORATED,-122.19978591,39.8172602
90563248,2017,2017-10-04,9130,2017-09-17,2500,020975,,7,4,9,5200,0,3,5,,2,010,"RED BANK ROAD","WHITE OAK RD",2640.00,W,N,A,-,N,,,,,,,,,,Y,1,1,0,1,A,-,01,23152,A,N,E,I,A,A,H,-,D,D,0,,,,,Y,Y,A,01,0,0,0,0,0,0,0,0,0,"- ","- ",40.097189999999998,-122.37430999999999,TEHAMA,UNINCORPORATED,-122.37502382,40.096686599999998
90569467,2017,2017-10-12,9130,2017-10-05,0001,016447,,4,3,2,5201,0,1,1,,2,052,"INTERSTATE 5 (I-5) NORTHBOUND (N/B)","SOUTH AVENUE",5280.00,N,N,A,-,Y,,,5,,,,,,N,Y,2,0,1,1,A,-,08,22107,,N,E,I,A,A,H,-,D,D,0,,,,,Y,,A,01,1,0,0,0,0,0,0,0,0,"- ","- ",39.91039,-122.20034,TEHAMA,CORNING,-122.20005061000001,39.910396149999997
90605528,2017,2017-12-11,9130,2017-10-22,1720,017562,,7,2,9,5200,0,3,5,,2,020,"WATKINS RD","MALTON SWITCH RD",0.00,,Y,A,-,N,,,,,,,,,,Y,1,2,1,3,A,-,12,22450,A,N,D,C,A,A,H,-,A,A,0,,,Y,,Y,,D,22,0,0,1,0,0,0,0,2,0,"- ","- ",39.795699999999997,-122.14100000000001,TEHAMA,UNINCORPORATED,-122.14098997000001,39.797619910000002
90605629,2017,2017-12-14,9130,2017-11-20,1705,017227,,1,2,9,5200,0,2,4,,2,034,"ROAD 99W","TYLER RD",50.00,N,N,B,C,N,,,,,,,,,,Y,2,0,3,2,A,-,03,22350,,N,D,C,A,B,H,-,D,D,0,,,,,Y,,A,07,1,0,2,0,0,0,0,0,0,"- ","- ",40.133719999999997,-122.20667,TEHAMA,UNINCORPORATED,-122.20650369000001,40.133651350000001
90617398,2017,2017-12-14,9130,2017-10-30,1954,016447,,1,2,9,5200,0,1,1,,2,052,"INTERSTATE 5 (I-5) NORTHBOUND (N/B)","JEWETT CREEK",1693.00,S,N,A,-,Y,,,5,,,,,,N,Y,1,1,1,2,A,-,01,23152,F,N,A,C,A,A,H,-,D,D,0,,,,,Y,,A,01,1,0,0,0,0,0,0,0,0,"- ","- ",39.919730000000001,-122.20005999999999,TEHAMA,UNINCORPORATED,-122.20007388000001,39.919730049999998
90626329,2017,2018-01-08,9130,2017-12-08,2330,019041,,5,3,9,5200,0,1,1,,2,051,"I-5 N/B","SUNSET HILLS DR",5280.00,N,N,A,-,Y,,,5,,,,,,N,Y,1,1,0,1,A,-,01,23152,A,N,E,I,A,A,H,-,D,D,0,,,,,Y,Y,A,01,0,0,0,0,0,0,0,0,0,"- ","- ",40.341929999999998,-122.28185999999999,TEHAMA,UNINCORPORATED,-122.2816657,40.34194256
90640607,2018,2018-01-16,9140,2018-01-15,1500,015598,,1,2,9,5200,0,1,3,,2,062,"STATE ROUTE 32","UPPER ALDER CREEK CAMPGROUND",1056.00,E,N,A,-,Y,,,32,,,,,,,Y,2,0,1,1,A,-,03,22350,,N,E,I,A,A,H,-,A,D,0,,,,,Y,,A,07,1,0,0,0,0,0,0,0,0,"- ","- ",40.210559844970703,-121.49437713623047,TEHAMA,UNINCORPORATED,-121.49439239501953,40.210582733154297
90645072,2018,2018-01-22,9130,2018-01-13,2055,019041,,6,2,3,5202,0,1,1,,2,051,"SOUTH MAIN STREET TO N/B I-5","SUTTER ST",660.00,N,N,A,-,Y,,,,,,,,,,Y,2,0,1,1,A,-,01,23152,A,N,E,I,A,A,H,-,C,D,0,,,Y,,Y,Y,C,02,1,0,0,0,0,0,0,0,1,"- ","- ",40.154911041259766,-122.22190093994141,TEHAMA,"RED BLUFF",-122.22177124023438,40.154918670654297
90647183,2018,2018-02-07,9130,2018-01-14,0430,016120,,7,3,9,5200,0,2,4,,2,013,"BOWMAN RD","KEEPER WY",0.00,,Y,A,-,N,,,,,,,,,,Y,2,0,2,1,A,-,01,23152,G,N,E,I,A,A,H,-,D,D,0,,,,,Y,Y,A,01,2,0,0,0,0,0,0,0,0,"- ","- ",40.330921173095703,-122.40632629394531,TEHAMA,UNINCORPORATED,-122.41693878173828,40.328861236572266
90673300,2018,2018-03-01,9130,2018-02-14,0605,017692,,3,1,9,5200,0,1,1,,2,051,"I-5 N/B","COTTONWOOD CREEK BRIDGE",255.00,S,N,A,-,Y,,,5,,,,,,N,Y,2,0,2,2,A,-,01,23152,F,F,A,C,A,A,H,-,D,A,0,,,,,Y,,A,01,1,0,1,0,0,0,0,0,0,"- ","- ",40.373481750488281,-122.28447723388672,TEHAMA,UNINCORPORATED,-122.28443908691406,40.373481750488281
90680095,2018,2018-03-12,9130,2018-03-01,0935,015667,,4,1,3,5202,0,1,1,,2,051,"I-5 S/B FROM ADOBE ROAD","ADOBE RD",790.00,S,N,B,C,Y,,,5,,,,R,,S,Y,2,0,1,1,A,-,03,22350,,N,E,I,A,B,H,-,A,D,0,,,,,Y,,D,22,1,0,0,0,0,0,0,0,0,"- ","- ",40.189739227294922,-122.2332763671875,TEHAMA,"RED BLUFF",-122.2332763671875,40.189739227294922
90680142,2018,2018-03-12,9130,2018-02-23,1853,019840,,5,2,9,5200,0,2,4,,2,034,"COUNTY ROAD 99W","RIVERSIDE AVE",280.00,S,N,A,-,N,,,,,,,,,,Y,1,1,2,2,A,-,01,23152,A,N,C,C,A,A,H,-,D,A,0,,,,,Y,Y,A,01,0,0,2,0,0,0,0,0,0,"- ","- ",40.139129638671875,-122.21035003662109,TEHAMA,UNINCORPORATED,-122.21041107177734,40.139289855957031
90681673,2018,2018-03-14,9130,2018-03-06,0344,015565,,2,3,9,5200,0,1,1,,2,052,"I-5 N/B","ELDER CREEK",50.00,S,N,A,-,Y,,,5,,,,,,N,Y,2,0,2,1,A,-,08,22107,,N,E,I,A,A,H,-,D,D,0,,,,,Y,,A,07,1,1,0,0,0,0,0,0,0,"- ","- ",40.043830871582031,-122.21201324462891,TEHAMA,UNINCORPORATED,-122.21282958984375,40.043701171875
90684821,2018,2018-03-19,9130,2018-03-07,1100,018812,,3,1,9,5200,0,2,4,,2,034,"ROAD 99W","SONOMA AVE",136.00,N,N,A,-,Y,,,,,,,,,,Y,2,0,1,2,A,-,08,22107,,F,D,C,A,A,H,-,A,D,0,,,Y,,Y,,A,01,1,0,0,0,0,0,0,0,1,"- ","- ",39.975399017333984,-122.17726135253906,TEHAMA,UNINCORPORATED,-122.17716979980469,39.975360870361328
90689424,2018,2018-03-26,9130,2018-03-07,1929,015824,,3,2,9,5200,0,2,4,,2,042,"SOUTH AVE","COLUMBIA AVE",528.00,E,N,B,C,N,,,,,,,,,,Y,1,1,0,2,A,-,14,21201,D,N,C,G,A,B,H,-,D,D,0,,Y,,,Y,,L,04,0,0,0,0,0,1,0,0,0,"- ","- ",39.90631103515625,-122.17176818847656,TEHAMA,UNINCORPORATED,-122.17219543457031,39.90625
90697039,2018,2018-04-02,9130,2018-03-24,2118,019840,,6,2,9,5200,0,1,3,,1,031,"ANTELOPE BLVD","HWY 36 EAST",0.00,,Y,A,B,N,,,,,,,,,,N,2,0,1,2,A,-,09,21801,A,N,A,C,A,A,H,-,C,D,0,,,Y,,Y,,A,01,1,0,0,0,0,0,0,0,1,"- ","- ",40.185710906982422,-122.18612670898438,TEHAMA,UNINCORPORATED,-122.18605041503906,40.185710906982422
90722179,2018,2018-05-08,9130,2018-04-29,1315,016120,,7,1,9,5200,0,1,1,,2,051,"I-5 S/B TO BOWMAN ROAD","BOWMAN RD",400.00,N,N,A,-,Y,,,5,,,,R,,S,Y,2,0,1,1,A,-,08,22107,,N,F,A,A,A,H,-,A,D,0,,,,,Y,,A,01,1,0,0,0,0,0,0,0,0,"- ","- ",40.368358612060547,-122.28495025634766,TEHAMA,UNINCORPORATED,-122.28495025634766,40.368358612060547
90726031,2018,2018-05-14,9130,2018-05-07,1005,016408,,1,1,9,5200,0,3,5,,2,010,"PASKENTA RD","DUSTY WAY",1100.00,N,N,A,-,N,,,,,,,,,,Y,2,0,1,1,A,-,08,22107,,N,E,I,A,A,B,H,A,D,0,,,,,Y,,D,22,1,0,0,0,0,0,0,0,0,"- ","- ",40.079868316650391,-122.27236938476562,TEHAMA,UNINCORPORATED,-122.27232360839844,40.080726623535156
90739304,2018,2018-07-31,9140,2018-05-04,2055,018847,,5,2,9,5200,0,1,3,,2,062,SR-32,"LOWER POLK SPRINGS ROAD",6125.00,W,N,A,-,Y,,,32,,,,,,,Y,1,1,1,2,A,-,03,22350,,N,A,C,A,A,H,-,D,A,0,,,,,Y,,E,22,0,1,0,0,0,0,0,0,0,"- ","- ",40.138950347900391,-121.58772277832031,TEHAMA,UNINCORPORATED,-121.58760833740234,40.138961791992188
90748531,2018,2018-06-14,9140,2018-06-13,1525,015598,,3,2,9,5200,0,1,3,,2,062,"STATE ROUTE 32","DEER CREEK O/C",267.00,W,N,A,-,Y,,,32,,,,,,,Y,2,0,2,1,A,-,08,22107,,N,E,I,A,A,H,-,A,D,0,,,,,Y,,A,01,1,0,1,0,0,0,0,0,0,"- ","- ",40.208808898925781,-121.49646759033203,TEHAMA,UNINCORPORATED,-121.49649810791016,40.208816528320312
90768595,2018,2018-07-13,9130,2018-07-04,0220,017692,,3,3,9,5200,0,1,1,,2,052,"I-5 N/B","MOORE CREEK",650.00,S,N,A,-,Y,,,5,,,,,,N,Y,2,0,1,1,A,-,01,23152,F,N,F,A,A,A,H,-,D,D,0,,,Y,,Y,,C,02,1,0,0,0,0,0,0,0,1,"- ","- ",39.813419342041016,-122.19985198974609,TEHAMA,UNINCORPORATED,-122.19976043701172,39.813419342041016
90769999,2018,2018-07-16,9130,2018-07-05,2050,015829,,4,2,9,5200,0,3,5,,2,010,"RAWSON RD","CHARD AVE",102.00,N,N,A,-,N,,,,,,,,,,Y,2,0,1,1,A,-,01,23152,A,N,E,I,A,A,H,-,B,D,0,,,Y,,Y,Y,C,02,1,0,0,0,0,0,0,0,1,"- ","- ",40.0701904296875,-122.23368072509766,TEHAMA,UNINCORPORATED,-122.23359680175781,40.070140838623047
90774528,2018,2018-07-23,9130,2018-07-12,1220,017227,,4,1,9,5200,0,3,5,,2,030,"RANCHO TEHAMA RD","BOGGS AND CHAMPLIN RD",5808.00,E,N,A,-,N,,,,,,,,,,Y,2,0,1,1,A,-,08,22107,,N,F,A,A,A,H,-,A,D,0,,,,,Y,,A,01,1,0,0,0,0,0,0,0,0,"- ","- ",40.019138336181641,-122.35948181152344,TEHAMA,UNINCORPORATED,-122.36183166503906,40.018447875976562
90784468,2018,2018-08-06,9130,2018-07-23,0625,015565,,1,1,9,5200,0,3,5,,2,010,"BASLER ROAD","LITTLE DOE LANE",478.00,E,N,A,-,N,,,,,,,,,,Y,1,1,0,1,A,-,08,22107,,N,E,I,A,A,H,-,A,D,0,,,,,Y,,A,01,0,0,0,0,0,0,0,0,0,"- ","- ",40.277618408203125,-122.37702178955078,TEHAMA,UNINCORPORATED,-122.37690734863281,40.277751922607422
90788631,2018,2018-08-10,9130,2018-07-30,0845,020975,,1,1,9,5200,0,1,3,,1,031,SR-99,"BLACKBERRY AVE",29.00,S,N,A,-,Y,,,99,,,,,,,Y,2,0,1,2,A,-,01,23152,F,N,C,C,A,A,H,-,A,A,0,,,,Y,Y,,G,25,1,0,0,0,0,0,0,0,0,"- ","- ",40.150699615478516,-122.14089965820312,TEHAMA,UNINCORPORATED,-122.14088439941406,40.150714874267578
90797973,2018,2018-08-27,9130,2018-08-17,1145,015829,,5,1,9,5200,0,1,3,,1,012,"S.R. 36W","CANNON RD",2904.00,E,N,A,-,Y,,,,,,,,,,Y,2,0,1,1,A,-,08,22107,,N,E,I,A,A,H,-,A,D,0,,,Y,,Y,,C,02,1,0,0,0,0,0,0,0,1,"- ","- ",40.226261138916016,-122.45192718505859,TEHAMA,UNINCORPORATED,,
90798487,2018,2018-08-27,9130,2018-08-11,1720,015829,,6,2,9,5200,0,1,1,,2,051,"I-5 S/B","FLORES AVE",303.00,S,N,A,-,Y,,,5,,,,,,S,Y,1,2,2,1,A,-,08,22107,,N,E,I,A,A,H,-,A,D,0,,,,,Y,,A,07,0,2,0,0,0,0,0,0,0,"- ","- ",40.082839965820312,-122.21694946289062,TEHAMA,UNINCORPORATED,-122.21691131591797,40.082843780517578
90818557,2018,2018-09-21,9130,2018-09-12,1430,017227,,3,2,9,5200,0,3,5,,2,020,"CORNING RD","GLENN RD",325.00,E,N,A,-,N,,,,,,,,,,Y,2,0,1,1,A,-,08,22107,,N,E,I,A,A,H,-,A,D,0,,,,,Y,,D,22,1,0,0,0,0,0,0,0,0,"- ","- ",39.921928405761719,-122.30689239501953,TEHAMA,UNINCORPORATED,-122.30653381347656,39.921871185302734
90818898,2018,2018-09-21,9130,2018-09-13,1457,019792,,4,2,9,5200,0,1,1,,2,052,"I-5 S/B","TEHAMA AVE",4.00,S,N,A,-,Y,,,5,,,,,,S,Y,2,0,1,1,A,-,08,22107,,N,E,I,A,A,H,-,A,D,0,,,,,Y,,D,22,1,0,0,0,0,0,0,0,0,"- ","- ",40.029090881347656,-122.21083831787109,TEHAMA,UNINCORPORATED,-122.21073150634766,40.029106140136719
90824470,2018,2018-09-28,9140,2018-07-20,1910,018847,,5,2,9,5200,0,1,3,,2,063,SR-36,"TRAMWAY ROAD",6336.00,E,N,A,-,Y,,,36,,,,,,,Y,1,1,0,1,A,-,03,22350,,N,E,I,A,A,H,-,A,A,0,,,Y,,Y,,C,02,0,0,0,0,0,0,0,1,0,"- ","- ",40.346519470214844,-121.68479156494141,TEHAMA,UNINCORPORATED,-121.684814453125,40.346466064453125
90825956,2018,2018-10-01,9130,2018-09-22,2500,018980,,6,4,9,5200,0,3,5,,2,030,"LUCKNOW AVE","PAYNES CREEK RD",49.00,N,N,A,-,N,,,,,,,,,,Y,2,0,1,1,A,-,03,22350,,N,F,A,A,A,H,-,D,A,0,,,Y,,Y,,C,02,1,0,0,0,0,0,0,0,1,"- ","- ",40.198009490966797,-122.20686340332031,TEHAMA,UNINCORPORATED,-122.20680236816406,40.198005676269531
90831086,2018,2018-10-08,9130,2018-09-26,1555,017227,,3,2,9,5200,0,1,1,,2,052,"I-5 N/B","TEHAMA AVE.",1830.00,S,N,A,-,Y,,,5,,,,,,N,Y,2,0,5,1,A,-,08,22107,,N,F,A,A,A,H,-,A,D,0,,,,Y,Y,,F,26,2,2,1,0,0,0,0,0,0,"- ","- ",40.025119781494141,-122.20970916748047,TEHAMA,UNINCORPORATED,-122.20977783203125,40.025108337402344
90853135,2018,2019-01-23,9130,2018-10-26,0740,019792,,5,1,9,5200,0,3,5,,2,040,"HALL ROAD","HOAG ROAD",0.00,,Y,A,-,N,,,,,,,,,,Y,1,1,1,2,A,-,09,21801,A,N,A,C,A,A,H,-,A,D,0,,,,,Y,,D,22,0,1,0,0,0,0,0,0,0,"- ","- ",39.928718566894531,-122.12592315673828,TEHAMA,UNINCORPORATED,-122.123291015625,39.926101684570312
90862050,2018,2018-11-16,9140,2018-11-11,0840,015598,,7,1,9,5200,0,1,3,,2,063,"STATE ROUTE 36","TRAMWAY RD.",5280.00,E,N,A,-,Y,,,36,,,,,,,Y,2,0,1,1,A,-,03,22350,,N,F,A,A,A,H,-,A,D,0,,,Y,,Y,,C,02,1,0,0,0,0,0,0,0,1,"- ","- ",40.34600830078125,-121.68879699707031,TEHAMA,UNINCORPORATED,-121.68876647949219,40.345924377441406
90873613,2018,2018-12-03,9130,2018-11-24,0947,015667,,6,1,9,5200,0,1,3,,1,031,SR-99,"KAUFFMAN AVE",504.00,S,N,B,-,Y,,,99,,,,,,,Y,2,0,1,1,A,-,08,22107,,N,E,I,A,B,H,-,A,D,0,,,,,Y,,A,01,1,0,0,0,0,0,0,0,0,"- ","- ",40.126220703125,-122.12158203125,TEHAMA,UNINCORPORATED,-122.12160491943359,40.126213073730469
90882385,2018,2018-12-13,9130,2018-12-03,0015,019041,,1,3,9,5200,0,1,1,,2,051,"I-5 N/B","JELLYS FERRY RD",10032.00,N,N,A,-,Y,,,5,,,,,,N,Y,2,0,1,1,A,-,01,23152,A,N,E,I,A,A,H,-,D,D,0,,,,Y,Y,Y,G,25,1,0,0,0,0,0,0,0,0,"- ","- ",40.263008117675781,-122.26571655273438,TEHAMA,UNINCORPORATED,-122.26580047607422,40.262977600097656
90889163,2018,2018-12-24,9130,2018-12-15,0750,015667,,6,1,9,5200,0,1,1,,2,051,"I-5 N/B","BOWMAN ROAD",3696.00,S,N,B,C,Y,,,5,,,,,,N,Y,2,0,1,1,A,-,08,22107,,N,E,I,A,B,H,-,A,D,0,,,,,Y,,D,22,1,0,0,0,0,0,0,0,0,"- ","- ",40.356540679931641,-122.28298187255859,TEHAMA,UNINCORPORATED,-122.28289031982422,40.356552124023438
90905037,2019,2019-01-15,9130,2019-01-04,0815,015829,,5,1,9,5200,0,3,5,,2,020,"CHITTENDEN RD","BLACK BUTTE RD",1056.00,E,N,A,-,N,,,,,,,,,,Y,2,0,2,1,A,-,08,22107,,N,F,A,A,A,H,-,A,D,0,,,,,Y,,D,22,1,1,0,0,0,0,0,0,0,"- ","- ",39.91448974609375,-122.2742919921875,TEHAMA,UNINCORPORATED,-122.27529144287109,39.914520263671875
90909959,2019,2019-01-23,9130,2019-01-15,1300,017227,,2,1,9,5200,0,1,1,,2,052,"I-5 S/B","SOLANO ST",3168.00,N,N,B,C,Y,,,5,,,,,,S,Y,2,0,1,1,A,-,08,22107,,N,E,I,A,B,H,-,A,D,0,,,,,Y,Y,A,01,1,0,0,0,0,0,0,0,0,"- ","- ",39.936111450195312,-122.20036315917969,TEHAMA,UNINCORPORATED,-122.20041656494141,39.936111450195312
90960156,2019,2019-04-03,9130,2019-03-24,0146,019110,,7,3,3,5202,0,1,1,,2,051,"INTERSTATE 5 N/B (GOLDEN STATE FREEWAY)","ADOBE ROAD",1004.00,S,N,A,-,Y,,,5,,,,,,N,Y,2,0,3,2,A,-,01,23152,A,N,C,C,A,A,H,-,C,D,0,,,,,Y,Y,A,01,1,0,2,0,0,0,0,0,0,"- ","- ",40.18975830078125,-122.23268890380859,TEHAMA,"RED BLUFF",-122.23265075683594,40.189796447753906
90963534,2019,2019-04-08,9130,2019-03-28,1910,016408,,4,2,9,5200,0,3,5,,2,010,"REEDS CREEK RD","BRUSH CREEK RD",10560.00,W,N,B,-,N,,,,,,,,,,Y,2,0,5,1,A,-,08,22107,,N,E,I,A,A,H,-,B,D,0,,,,,Y,Y,A,01,3,2,0,0,0,0,0,0,0,"- ","- ",40.182090759277344,-122.43354797363281,TEHAMA,UNINCORPORATED,-122.44800567626953,40.187404632568359
90968844,2019,2019-05-20,9130,2019-04-07,1055,016120,,7,1,9,5200,0,2,4,,2,013,"BOWMAN RD","SEBASTIAN CT",1200.00,W,N,B,-,N,,,,,,,,,,Y,2,0,5,2,A,-,05,21460,A,N,A,C,A,A,H,-,A,D,0,,,,,Y,,A,01,1,4,0,0,0,0,0,0,0,"- ","- ",40.351371765136719,-122.35079956054688,TEHAMA,UNINCORPORATED,-122.351318359375,40.351589202880859
90969705,2019,2019-04-17,9130,2019-04-10,0930,017227,,3,1,9,5200,0,1,3,,1,041,"SR-99 N/B","LE CLAIRE AVE",400.00,S,N,A,-,Y,,,99,,,,,,N,N,2,0,1,1,D,-,00,,,N,E,J,A,A,H,-,A,D,0,,,Y,,Y,,-,"- ",1,0,0,0,0,0,0,0,1,"- ","- ",40.111091613769531,-122.11253356933594,TEHAMA,UNINCORPORATED,-122.11305236816406,40.110504150390625