CASE_ID,ACCIDENT_YEAR,PROC_DATE,JURIS,COLLISION_DATE,COLLISION_TIME,OFFICER_ID,REPORTING_DISTRICT,DAY_OF_WEEK,CHP_SHIFT,POPULATION,CNTY_CITY_LOC,SPECIAL_COND,BEAT_TYPE,CHP_BEAT_TYPE,CITY_DIVISION_LAPD,CHP_BEAT_CLASS,BEAT_NUMBER,PRIMARY_RD,SECONDARY_RD,DISTANCE,DIRECTION,INTERSECTION,WEATHER_1,WEATHER_2,STATE_HWY_IND,CALTRANS_COUNTY,CALTRANS_DISTRICT,STATE_ROUTE,ROUTE_SUFFIX,POSTMILE_PREFIX,POSTMILE,LOCATION_TYPE,RAMP_INTERSECTION,SIDE_OF_HWY,TOW_AWAY,COLLISION_SEVERITY,NUMBER_KILLED,NUMBER_INJURED,PARTY_COUNT,PRIMARY_COLL_FACTOR,PCF_CODE_OF_VIOL,PCF_VIOL_CATEGORY,PCF_VIOLATION,PCF_VIOL_SUBSECTION,HIT_AND_RUN,TYPE_OF_COLLISION,MVIW,PED_ACTION,ROAD_SURFACE,ROAD_COND_1,ROAD_COND_2,LIGHTING,CONTROL_DEVICE,CHP_ROAD_TYPE,PEDESTRIAN_ACCIDENT,BICYCLE_ACCIDENT,MOTORCYCLE_ACCIDENT,TRUCK_ACCIDENT,NOT_PRIVATE_PROPERTY,ALCOHOL_INVOLVED,STWD_VEHTYPE_AT_FAULT,CHP_VEHTYPE_AT_FAULT,COUNT_SEVERE_INJ,COUNT_VISIBLE_INJ,COUNT_COMPLAINT_PAIN,COUNT_PED_KILLED,COUNT_PED_INJURED,COUNT_BICYCLIST_KILLED,COUNT_BICYCLIST_INJURED,COUNT_MC_KILLED,COUNT_MC_INJURED,PRIMARY_RAMP,SECONDARY_RAMP,LATITUDE,LONGITUDE,COUNTY,CITY,POINT_X,POINT_Y
90983841,2019,2019-05-07,9130,2019-04-25,1905,015824,,4,2,9,5200,0,3,5,,2,020,"BLACK BUTTE RD","NEWVILLE RD",0.00,,Y,A,-,N,,,,,,,,,,Y,2,0,2,2,A,-,09,21802,A,N,D,C,A,A,H,-,A,A,0,,,,,Y,,A,08,1,0,1,0,0,0,0,0,0,"- ","- ",39.828861236572266,-122.36737823486328,TEHAMA,UNINCORPORATED,-122.367418,39.828848999999998
90988324,2019,2019-05-14,9130,2019-05-02,1025,017692,,4,1,9,5200,0,1,3,,1,041,SR-99,"99 TEH 5.99",273.00,S,N,A,-,Y,,,99,,,,,,,Y,2,0,2,2,A,-,05,21460,A,N,A,C,A,A,H,-,A,D,0,,,,Y,Y,,A,01,1,1,0,0,0,0,0,0,0,"- ","- ",39.945960998535156,-122.05245971679688,TEHAMA,UNINCORPORATED,-122.052490234375,39.945930480957031
90992331,2019,2019-06-10,9130,2019-05-15,1706,018083,,3,2,9,5200,0,1,1,,2,052,"I-5 N/B","SOLANO STREET",3168.00,N,N,B,C,Y,,,5,,,,,,N,Y,2,0,5,2,A,-,01,23152,A,N,C,C,A,B,H,-,A,D,0,,,,,Y,Y,A,07,1,1,3,0,0,0,0,0,0,"- ","- ",39.937969207763672,-122.20014190673828,TEHAMA,UNINCORPORATED,-122.20011138916016,39.937969207763672
90996465,2019,2019-05-27,9130,2019-05-15,1744,015824,,3,2,9,5200,0,1,1,,2,052,"INTERSTATE 5 N/B","LIBERAL AVE",1056.00,N,N,B,C,Y,,,5,,,,,,N,Y,2,0,1,2,A,-,07,21658,A,N,B,C,A,B,H,-,A,D,0,,,,,Y,,A,07,1,0,0,0,0,0,0,0,0,"- ","- ",39.884941101074219,-122.20001220703125,TEHAMA,UNINCORPORATED,-122.19996643066406,39.884941101074219
91003850,2019,2019-06-05,9130,2019-05-25,0250,020158,,6,3,9,5200,0,3,5,,2,020,"PASKENTA ROAD","RANCHO TEHAMA ROAD",2640.00,S,N,A,-,N,,,,,,,,,,Y,2,0,2,1,A,-,01,23152,A,N,F,A,A,A,H,-,D,D,0,,,,,Y,Y,A,01,1,0,1,0,0,0,0,0,0,"- ","- ",40.025020599365234,-122.29583740234375,TEHAMA,UNINCORPORATED,-122.29560852050781,40.024066925048828
91028339,2019,2019-07-10,9175,2019-07-09,1120,018268,,2,1,9,5200,0,1,3,,1,017,SR-3,"BEAR CREEK LOOP",13728.00,N,N,A,-,Y,,,,,,,,,,Y,2,0,1,1,A,-,03,22350,,N,F,I,A,A,H,-,A,D,0,,,Y,,Y,,C,02,1,0,0,0,0,0,0,0,1,"- ","- ",41.242908477783203,-122.66502380371094,TEHAMA,UNINCORPORATED,,
91032828,2019,2019-07-17,9130,2019-07-13,0252,019041,,6,3,9,5200,0,2,4,,2,013,"BOWMAN RD","MEEKS RD",580.00,W,N,A,-,N,,,,,,,,,,Y,2,0,1,1,A,-,01,23152,A,N,E,I,A,A,H,-,D,D,0,,,Y,,Y,Y,C,02,1,0,0,0,0,0,0,0,1,"- ","- ",40.347721099853516,-122.35453796386719,TEHAMA,UNINCORPORATED,-122.35448455810547,40.347194671630859
91037364,2019,2019-07-25,9130,2019-07-14,0913,018083,,7,1,9,5200,0,1,3,,1,012,SR-36,"VESTAL ROAD",22704.00,W,N,A,-,Y,,,36,,,,,,,Y,2,0,2,2,A,-,03,22350,,N,C,C,A,A,H,-,A,A,0,,,Y,,Y,,C,02,1,1,0,0,0,0,0,0,2,"- ","- ",40.31964111328125,-122.78964996337891,TEHAMA,UNINCORPORATED,-122.78964996337891,40.319610595703125
91050304,2019,2019-08-12,9130,2019-07-31,1255,016120,,3,1,9,5200,0,2,4,,2,034,CR-99W,"SISTER MARY COLUMBA DR",2112.00,S,N,A,-,N,,,,,,,,,,Y,2,0,3,2,A,-,01,23152,A,N,A,C,A,A,H,-,A,D,0,,,,,Y,Y,D,22,1,0,2,0,0,0,0,0,0,"- ","- ",40.146308898925781,-122.21521759033203,TEHAMA,UNINCORPORATED,-122.21367645263672,40.144058227539062
91062598,2019,2019-08-29,9130,2019-08-21,0315,019840,,3,3,9,5200,0,1,1,,2,052,"I-5 SOUTHBOUND","GLEN COUNTY LINE",640.00,N,N,A,-,Y,,,,,,,,,,Y,2,0,1,1,A,-,01,23152,A,N,F,A,A,A,H,-,D,D,0,,,,,Y,Y,A,01,1,0,0,0,0,0,0,0,0,"- ","- ",39.475940704345703,-122.12017822265625,TEHAMA,UNINCORPORATED,,
91062664,2019,2019-08-29,9130,2019-08-19,1110,016120,,1,1,9,5200,0,1,1,,2,051,"I-5 S/B","GYLE RD",454.00,N,N,A,-,Y,,,5,,,,,,S,Y,2,0,1,1,A,-,08,22107,,N,F,A,A,A,H,-,A,D,0,,,,,Y,,D,22,1,0,0,0,0,0,0,0,0,"- ","- ",40.001640319824219,-122.20623016357422,TEHAMA,UNINCORPORATED,-122.20625305175781,40.001636505126953
91066920,2019,2019-09-04,9130,2019-08-25,0625,016408,,7,1,9,5200,0,1,3,,1,031,SR-99,"OKLAHOMA AVE",200.00,S,N,A,-,Y,,,99,,,,,,,Y,2,0,4,1,A,-,08,22107,,N,F,A,A,A,H,-,A,D,0,,,,,Y,Y,A,01,1,2,1,0,0,0,0,0,0,"- ","- ",40.133010864257812,-122.12415313720703,TEHAMA,UNINCORPORATED,-122.12419128417969,40.132976531982422
91074578,2019,2019-09-13,9130,2019-08-13,2318,019792,,2,3,9,5200,0,1,3,,1,031,SR-99,"SIXTH AVE.",210.00,N,N,A,-,Y,,,99,,,,,,,Y,1,2,0,2,A,-,05,21460,A,N,A,C,A,A,H,-,D,D,0,,,,,Y,,A,07,0,0,0,0,0,0,0,0,0,"- ","- ",40.075141906738281,-122.10066223144531,TEHAMA,UNINCORPORATED,-122.10066986083984,40.075141906738281
91094293,2019,2019-10-10,9140,2019-09-29,1210,016322,,7,1,9,5200,0,1,3,,2,061,"RT 32","BUTTE COUNTY LINE",24288.00,E,N,A,-,Y,,,32,,,,,,,Y,2,0,2,1,A,-,08,22107,,N,F,I,A,A,H,-,A,D,0,,,,,Y,,D,22,1,1,0,0,0,0,0,0,0,"- ","- ",40.09906005859375,-121.58248138427734,TEHAMA,UNINCORPORATED,-121.58246612548828,40.099048614501953
91112490,2019,2019-11-04,9130,2019-10-12,2225,019742,,6,3,9,5200,0,3,5,,2,030,"JELLYS FERRY ROAD","JULIE LANE",1056.00,W,N,A,-,N,,,,,,,,,,Y,1,1,1,1,A,-,01,23152,A,N,F,A,A,A,H,-,D,D,0,,,Y,,Y,Y,C,02,1,0,0,0,0,0,0,1,1,"- ","- ",40.259590148925781,-122.24005889892578,TEHAMA,UNINCORPORATED,-122.24076843261719,40.259159088134766
91129306,2019,2019-11-25,9130,2019-11-13,1530,019110,,3,2,9,5200,0,2,4,,2,042,"SOUTH AVE","HOUGHTON AVE",0.00,,Y,A,-,N,,,,,,,,,,N,2,0,1,2,A,-,09,21804,A,N,H,G,A,A,H,-,A,D,0,,Y,,,Y,,L,04,1,0,0,0,0,0,1,0,0,"- ","- ",39.906349182128906,-122.18744659423828,TEHAMA,UNINCORPORATED,-122.18824768066406,39.906410217285156
91141889,2019,2019-12-12,9130,2019-11-09,1759,019742,,6,2,9,5200,0,3,5,,2,040,"HOAG ROAD","EAST AVENUE",224.00,E,N,A,-,N,,,,,,,,,,Y,1,1,0,1,A,-,01,23152,A,N,E,I,A,A,H,-,D,D,0,,,,,Y,Y,A,01,0,0,0,0,0,0,0,0,0,"- ","- ",39.927799224853516,-122.14108276367188,TEHAMA,UNINCORPORATED,-122.14041900634766,39.927886962890625
91145182,2019,2019-12-17,9130,2019-12-08,1845,020580,,7,2,9,5200,0,1,1,,2,051,"I-5 S/B TO NORTH MAIN STREET","N. MAIN ST.",123.00,N,N,A,-,Y,,,5,,,,R,,S,Y,2,0,1,1,A,-,08,22107,,N,F,A,A,A,H,-,C,D,0,,,,,Y,,A,07,1,0,0,0,0,0,0,0,0,"- ","- ",40.203128814697266,-122.24432373046875,TEHAMA,UNINCORPORATED,-122.24432373046875,40.203128814697266
91152979,2019,2019-12-26,9130,2019-11-24,0107,019714,,7,3,9,5200,0,1,3,,1,031,"SR-99 N/B","BLACKBERRY AVE",283.00,S,N,A,-,Y,,,99,,,,,,N,Y,1,1,0,1,A,-,08,22107,,N,E,I,A,A,H,-,D,D,0,,,,,Y,,A,01,0,0,0,0,0,0,0,0,0,"- ","- ",40.149871826171875,-122.13999176025391,TEHAMA,UNINCORPORATED,-122.14003753662109,40.149826049804688
91153259,2019,2019-12-26,9130,2019-12-17,1700,016408,,2,2,9,5200,0,2,4,,2,043,99W,"GYLE RD",0.00,,Y,A,-,N,,,,,,,,,,Y,2,0,3,3,A,-,01,23152,A,N,D,C,A,A,H,-,D,A,0,,,,,Y,Y,A,07,2,1,0,0,0,0,0,0,0,"- ","- ",40.005538940429688,-122.17201232910156,TEHAMA,UNINCORPORATED,-122.17195892333984,40.005481719970703
91167050,2020,2020-01-16,9130,2020-01-07,0750,019218,,2,1,9,5200,0,2,4,,2,034,"GERBER RD","COUNTY ROAD 99W",0.00,,Y,A,-,N,,,,,,,,,,Y,2,0,6,2,A,-,09,21802,A,N,D,C,A,A,H,-,A,D,0,,,,,Y,,A,01,2,4,0,0,0,0,0,0,0,"- ","- ",40.047401428222656,-122.17040252685547,TEHAMA,UNINCORPORATED,-122.17040299999999,40.047401000000001
91186113,2019,2020-02-13,9130,2019-12-21,1201,018083,,6,1,9,5200,0,1,3,,1,031,SR-99,"62ND AVENUE",131.00,N,N,B,-,Y,,,99,,,,,,,Y,1,3,1,2,A,-,05,21460,A,N,A,C,A,A,H,-,A,D,0,,,,Y,Y,,A,01,1,0,0,0,0,0,0,0,0,"- ","- ",40.093231201171875,-122.10099029541016,TEHAMA,UNINCORPORATED,-122.10099029541016,40.093231201171875
91248585,2020,2020-06-08,9130,2020-05-30,1250,019218,,6,1,2,5201,0,1,1,,2,052,"I-5 N/B","SOUTH AVE",2230.00,N,N,A,-,Y,,,5,,,,,,N,Y,2,0,1,1,A,-,08,22107,,N,E,I,A,A,H,-,A,D,0,,,,,Y,,A,01,1,0,0,0,0,0,0,0,0,"- ","- ",39.912578582763672,-122.19998168945312,TEHAMA,CORNING,-122.20006561279297,39.912578582763672
91263313,2020,2020-07-06,9140,2020-06-26,1740,021043,,5,2,9,5200,0,1,3,,2,062,"STATE ROUTE 32","USFS ROAD 28N12",3696.00,W,N,A,-,Y,,,,,,,,,,Y,2,0,1,1,A,-,08,22107,,N,E,I,A,A,H,-,A,D,0,,,,,Y,,A,07,1,0,0,0,0,0,0,0,0,"- ","- ",40.241230010986328,-121.44970703125,TEHAMA,UNINCORPORATED,,
91263531,2020,2020-07-06,9130,2020-06-02,0230,019792,,2,3,9,5200,0,1,3,,1,032,SR-36,"STICE RD.",1705.00,E,N,A,-,Y,,,36,,,,,,,Y,1,1,1,1,A,-,01,23152,G,N,E,I,A,A,H,-,D,D,0,,,,,Y,Y,D,22,1,0,0,0,0,0,0,0,0,"- ","- ",40.210521697998047,-122.18170928955078,TEHAMA,UNINCORPORATED,-122.18170166015625,40.210514068603516
91265567,2020,2020-07-08,9130,2020-06-30,0630,016120,,2,1,9,5200,0,1,1,,2,051,"I-5 S/B","CORNING CANAL",325.00,N,N,A,-,Y,,,5,,,,,,S,Y,2,0,2,2,A,-,03,22350,,N,C,C,A,A,H,-,A,D,0,,,,,Y,,A,01,1,1,0,0,0,0,0,0,0,"- ","- ",40.132228851318359,-122.21994781494141,TEHAMA,UNINCORPORATED,-122.21992492675781,40.132236480712891
91268597,2020,2020-07-14,9140,2020-07-06,0530,021043,,1,3,9,5200,0,1,3,,2,061,"STATE ROUTE 36","STATE ROUTE 32",10560.00,E,N,A,-,Y,,,36,,,,,,,Y,2,0,1,1,A,-,08,22107,,N,E,I,A,A,H,-,B,D,0,,,,,Y,,A,01,1,0,0,0,0,0,0,0,0,"- ","- ",40.259849548339844,-121.39324951171875,TEHAMA,UNINCORPORATED,-121.39325714111328,40.259559631347656
91283119,2020,2020-08-10,9130,2020-06-01,1625,019218,,1,2,9,5200,0,3,5,,2,020,"PASKENTA ROAD","RANCHO TEHAMA ROAD",2640.00,S,N,A,-,N,,,,,,,,,,Y,1,2,1,2,A,-,01,23152,F,F,D,C,A,A,H,-,A,D,0,,,,,Y,,A,01,0,1,0,0,0,0,0,0,0,"- ","- ",40.023109436035156,-122.29579162597656,TEHAMA,UNINCORPORATED,-122.29560852050781,40.024066925048828
91286524,2020,2020-08-14,9130,2020-08-06,1450,015667,,4,2,9,5200,0,1,3,,1,041,SR-99,"ROWLES RD",0.00,,Y,A,-,Y,,,99,,,,,,,Y,2,0,3,3,A,-,12,22450,A,N,D,C,A,A,H,-,A,A,0,,,,,Y,,A,01,2,1,0,0,0,0,0,0,0,"- ","- ",39.913139343261719,-122.01171875,TEHAMA,UNINCORPORATED,-122.01167297363281,39.913196563720703
91286588,2020,2020-08-14,9130,2020-08-06,2200,013857,,4,3,9,5200,0,3,5,,2,040,"SR-32 W/B","UPPER HUMBOLDT RD.",6336.00,E,N,A,-,Y,,,32,,,,,,W,Y,2,0,1,2,A,-,05,21460,A,N,B,C,A,A,H,-,D,D,0,,,Y,,Y,,C,02,1,0,0,0,0,0,0,0,1,"- ","- ",40.05194091796875,-121.61136627197266,TEHAMA,UNINCORPORATED,-121.61138916015625,40.051937103271484
91289239,2020,2020-08-19,9140,2020-08-14,1220,015686,,5,1,9,5200,0,1,3,,2,061,"STATE ROUTE 36","GURNSEY CREEK",1056.00,W,N,B,-,Y,,,36,,,,,,,Y,2,0,1,1,C,-,18,,,N,H,H,A,A,H,-,A,D,0,,,Y,,Y,,-,"- ",1,0,0,0,0,0,0,0,1,"- ","- ",40.309318542480469,-121.42878723144531,TEHAMA,UNINCORPORATED,-121.42880249023438,40.309303283691406
91293051,2020,2020-08-26,9140,2020-08-20,0520,018847,,4,3,9,5200,0,1,3,,2,061,SR-36,"USFS LOST CREEK STATION",6336.00,W,N,A,-,Y,,,36,,,,,,,Y,2,0,1,1,A,-,08,22107,,N,E,I,A,A,H,-,D,D,0,,,,,Y,,D,22,1,0,0,0,0,0,0,0,0,"- ","- ",40.258998870849609,-121.37818145751953,TEHAMA,UNINCORPORATED,-121.37818145751953,40.259082794189453
91296951,2020,2020-09-01,9130,2020-08-21,1025,018812,,5,1,9,5200,0,3,5,,2,010,"REEDS CREEK RD","PINE CREEK RD",4224.00,E,N,A,-,N,,,,,,,,,,Y,2,0,1,1,A,-,08,22107,,N,E,I,A,A,H,-,A,D,0,,,,Y,Y,,F,26,1,0,0,0,0,0,0,0,0,"- ","- ",40.095199584960938,-122.17099761962891,TEHAMA,UNINCORPORATED,-122.27530670166016,40.164890289306641
91302354,2020,2020-09-10,9140,2020-05-05,0520,015598,,2,3,9,5200,0,1,3,,2,063,"STATE ROUTE 36","DIAMOND ROAD",581.00,W,N,A,-,Y,,,36,,,,,,,Y,1,2,1,1,A,-,01,23152,F,N,E,I,A,A,H,-,D,D,0,,,,,Y,,M,47,1,0,0,0,0,0,0,0,0,"- ","- ",40.344619750976562,-121.67063903808594,TEHAMA,UNINCORPORATED,-121.67064666748047,40.344600677490234
91305913,2020,2020-09-16,9130,2020-09-05,1758,015667,,6,2,9,5200,0,1,3,,1,041,SR-99,"DEER CREEK",2132.00,N,N,A,-,Y,,,99,,,,,,,Y,2,0,2,2,A,-,01,23152,F,N,A,C,A,A,H,-,A,D,0,,,,,Y,,D,22,2,0,0,0,0,0,0,0,0,"- ","- ",39.952980041503906,-122.05777740478516,TEHAMA,UNINCORPORATED,-122.0577392578125,39.9530029296875
91309173,2020,2020-09-22,9130,2020-09-12,1745,019110,,6,2,9,5200,0,2,4,,2,042,"SOUTH AVE","MILLION RD.",2352.00,E,N,A,-,N,,,,,,,,,,Y,2,0,2,1,A,-,08,22107,,N,E,I,A,A,H,-,A,D,0,,,,,Y,,A,01,2,0,0,0,0,0,0,0,0,"- ","- ",39.906440734863281,-122.13303375244141,TEHAMA,UNINCORPORATED,-122.13215637207031,39.906497955322266
91313188,2020,2020-09-28,9130,2020-09-17,1125,019041,,4,1,9,5200,0,3,5,,2,020,"NEWVILLE RD","STONEY CREEK BRIDGE",85.00,W,N,A,-,N,,,,,,,,,,Y,2,0,1,1,A,-,01,23152,F,N,E,I,A,A,H,-,A,D,0,,,,,Y,,A,01,1,0,0,0,0,0,0,0,0,"- ","- ",39.818740844726562,-122.32566833496094,TEHAMA,UNINCORPORATED,,
91343908,2020,2020-11-12,9140,2020-09-08,0745,015598,,2,1,9,5200,0,1,3,,2,062,"STATE ROUTE 32","STEEL BRIDGE",2112.00,E,N,A,-,Y,,,32,,,,,,,Y,1,1,0,1,A,-,08,22107,,N,E,I,A,A,H,-,A,D,0,,,,,Y,,A,01,0,0,0,0,0,0,0,0,0,"- ","- ",40.178638458251953,-121.55062103271484,TEHAMA,UNINCORPORATED,-121.55073547363281,40.178745269775391
91348848,2020,2020-11-19,9130,2020-11-13,1405,019041,,5,2,3,5202,0,1,1,,2,051,"I-5 S/B FROM ADOBE ROAD","ADOBE RD",135.00,S,N,B,-,Y,,,5,,,,R,,S,Y,2,0,1,1,A,-,08,22107,,N,E,I,A,B,H,-,A,D,0,,,,,Y,,D,22,1,0,0,0,0,0,0,0,0,"- ","- ",40.191440582275391,-122.23494720458984,TEHAMA,"RED BLUFF",-122.23494720458984,40.191440582275391
91351605,2020,2020-12-28,9130,2020-11-14,1845,019110,,6,2,9,5200,0,3,5,,2,030,"POWERHOUSE RD","MANTON RD",2112.00,S,N,A,-,N,,,,,,,,,,Y,2,0,2,2,A,-,05,21460,A,N,A,C,A,A,H,-,D,D,0,,,,,Y,,A,08,1,0,1,0,0,0,0,0,0,"- ","- ",40.426349639892578,-121.87165069580078,TEHAMA,UNINCORPORATED,-121.87156677246094,40.428600311279297
91376059,2020,2021-01-13,9130,2020-12-21,1640,019714,,1,2,9,5200,0,1,3,,1,041,"SR-99 N/B","ARAMAYO WAY",157.00,S,N,A,-,Y,,,99,,,,,,N,Y,1,1,2,5,A,-,01,23152,A,N,C,C,A,A,H,-,A,D,0,,,,,Y,Y,D,22,0,0,2,0,0,0,0,0,0,"- ","- ",40.027351379394531,-122.09982299804688,TEHAMA,UNINCORPORATED,-122.09989166259766,40.027347564697266
91380040,2020,2021-01-04,9130,2020-12-30,2330,019792,,3,3,9,5200,0,1,3,,1,031,SR-99,"HOGSBACK ROAD",1534.00,S,N,B,-,Y,,,99,,,,,,,Y,2,0,1,1,A,-,01,23152,F,N,E,I,A,B,H,-,D,D,0,,,,,Y,,A,01,1,0,0,0,0,0,0,0,0,"- ","- ",40.180919647216797,-122.17292785644531,TEHAMA,UNINCORPORATED,-122.17296600341797,40.180885314941406
91381168,2020,2021-01-05,9130,2020-12-26,1450,015667,,6,2,9,5200,0,1,3,,1,032,SR-36,"PAYNES CREEK WAGON RD",1194.00,W,N,B,-,Y,,,36,,,,,,,Y,2,0,3,2,A,-,08,22107,,N,E,C,A,A,H,-,A,D,0,,,,,Y,,A,08,1,1,1,0,0,0,0,0,0,"- ","- ",40.262149810791016,-122.13725280761719,TEHAMA,UNINCORPORATED,-122.13727569580078,40.262168884277344
9141045,2020,2020-10-16,5202,2020-08-20,1916,818,RBPD,4,5,3,5202,0,0,0,,0,,"S JACKSON ST","VISTA WY",24.00,S,N,A,-,N,,,,,,,,,,N,2,0,1,1,A,-,08,22107,,N,E,I,A,A,H,-,A,A,0,,,,,Y,,A,01,1,0,0,0,0,0,0,0,0,"- ","- ",,,TEHAMA,"RED BLUFF",-122.23792266845703,40.153644561767578
91418237,2021,2021-03-01,9130,2021-02-23,1230,018083,,2,1,3,5202,0,3,5,,2,040,"GYLE ROAD","FAIRFIELD AVENUE",331.00,E,N,A,-,N,,,,,,,,,,Y,2,0,1,1,A,-,08,22107,,N,E,I,A,A,H,-,A,D,0,,,,,Y,,B,07,1,0,0,0,0,0,0,0,0,"- ","- ",40.001731872558594,-122.18924713134766,TEHAMA,"RED BLUFF",-122.18958282470703,40.001758575439453
91431457,2021,2021-03-22,9130,2021-03-18,1015,019218,,4,1,9,5200,0,3,5,,2,030,"LAKE CALIFORNIA DR","SAWTOOTH DR",2141.00,W,N,B,C,N,,,,,,,,,,Y,2,0,5,2,A,-,05,21460,A,N,D,C,A,B,H,-,A,D,0,,,,,Y,,D,22,3,1,1,0,0,0,0,0,0,"- ","- ",40.372489929199219,-122.23377990722656,TEHAMA,UNINCORPORATED,-122.23361968994141,40.372531890869141
91442115,2021,2021-04-02,9130,2021-03-23,1215,018812,,2,1,9,5200,0,3,5,,2,010,"BENSON RD","BASLER RD",2640.00,N,N,A,-,N,,,,,,,,,,Y,2,0,2,2,A,-,05,21752,A,N,A,C,A,A,H,-,A,D,0,,,Y,,Y,,C,02,1,1,0,0,0,0,0,0,1,"- ","- ",40.278388977050781,-122.41049194335938,TEHAMA,UNINCORPORATED,-122.41175842285156,40.276374816894531
91473851,2021,2021-05-14,9130,2021-04-06,2340,020158,,2,3,9,5200,0,1,1,,2,051,"I-5 SOUTHBOUND","SUNSET HILLS DRIVE",4752.00,N,N,A,-,Y,,,5,,,,,,S,Y,1,1,0,2,A,-,11,21954,A,N,G,B,E,A,H,-,D,D,0,Y,,,,Y,,N,60,0,0,0,1,0,0,0,0,0,"- ","- ",40.340110778808594,-122.28224945068359,TEHAMA,UNINCORPORATED,-122.2822265625,40.340110778808594
91477832,2021,2021-05-27,9130,2021-05-12,0410,020158,,3,3,9,5200,0,1,3,,1,031,SR-99E,"HOGSBACK ROAD",1901.00,S,N,A,-,Y,,,99,,,,,,,Y,2,0,1,1,A,-,08,22107,,N,E,I,A,A,H,-,D,D,0,,,,,Y,,A,01,1,0,0,0,0,0,0,0,0,"- ","- ",40.180011749267578,-122.17227935791016,TEHAMA,UNINCORPORATED,-122.17220306396484,40.180080413818359
91490007,2021,2021-06-07,9140,2021-05-26,1040,021043,,3,1,1,5203,0,1,3,,2,062,"STATE ROUTE 32","USFS ROAD 28N12",7392.00,W,N,A,-,Y,,,,,,,,,,Y,2,0,1,1,A,-,08,22107,,N,E,8,A,A,H,-,A,D,0,,,,Y,Y,,G,25,1,0,0,0,0,0,0,0,0,"- ","- ",40.234138488769531,-121.46163940429688,TEHAMA,TEHAMA,,
91492714,2021,2021-06-09,9130,2021-06-06,0820,016408,,7,1,9,5200,0,3,5,,2,020,"RANCHO TEHAMA RD","PASKENTA RD",2112.00,W,N,A,-,N,,,,,,,,,,N,2,0,1,1,A,-,08,22107,,N,F,A,A,A,H,-,A,D,0,,,,,Y,,A,07,1,0,0,0,0,0,0,0,0,"- ","- ",40.030391693115234,-122.3055419921875,TEHAMA,UNINCORPORATED,-122.30062103271484,40.030422210693359
9149404,2020,2020-11-05,5202,2020-08-31,1408,1166,RBPD,1,5,3,5202,0,0,0,,0,005,"ORANGE ST","JACKSON ST",0.00,,Y,A,-,N,,,,,,,,,,N,2,0,1,2,A,-,05,21650,,N,D,G,A,A,H,-,A,A,0,,Y,,,Y,,L,04,1,0,0,0,0,0,1,0,0,"- ","- ",40.165328979492188,-122.23776245117188,TEHAMA,"RED BLUFF",-122.23787689208984,40.165359497070312
9149962,2020,2020-11-25,5202,2020-08-30,1900,1475,RBPD,7,5,3,5202,0,0,0,,0,001,"RT 36","PHILBROOK AV",41.00,E,N,F,-,Y,TEH,2,36,-,-,43.040,H,-,E,N,2,0,1,1,A,-,03,22350,,N,F,A,A,A,H,-,B,D,0,,,Y,,Y,Y,C,02,1,0,0,0,0,0,0,0,1,"- ","- ",40.185859680175781,-122.20432281494141,TEHAMA,"RED BLUFF",-122.20402526855469,40.185951232910156
91501108,2021,2021-06-21,9130,2021-06-15,1130,019742,,2,1,9,5200,0,1,3,,1,031,SR-99,"THIRD AVENUE",8.00,N,N,A,-,Y,,,99,,,,,,,Y,2,0,2,1,A,-,08,22107,,N,E,I,A,A,H,-,A,D,0,,,,,Y,,A,01,1,1,0,0,0,0,0,0,0,"- ","- ",40.063709259033203,-122.10073089599609,TEHAMA,UNINCORPORATED,-122.1007080078125,40.063709259033203
91506642,2021,2021-06-25,9130,2021-06-11,1708,018710,,5,2,9,5200,0,3,5,,2,030,"ST. MARYS AVENUE","MARJIE AVE",1900.00,N,N,A,-,N,,,,,,,,,,Y,2,0,1,2,A,-,03,22350,,N,C,C,A,A,H,-,A,D,0,,,Y,,Y,,C,02,1,0,0,0,0,0,0,0,1,"- ","- ",40.196601867675781,-122.19026947021484,TEHAMA,UNINCORPORATED,-122.19029998779297,40.196468353271484
91515026,2021,2021-07-07,9130,2021-05-08,0039,020579,,6,3,9,5200,0,1,3,,1,031,SR-99E,"CONE GROVE RD",732.00,N,N,A,G,Y,,,99,,,,,,,Y,1,1,0,2,A,-,01,23152,A,N,A,C,A,A,H,-,D,D,0,,,,Y,Y,Y,A,07,0,0,0,0,0,0,0,0,0,"- ","- ",40.171218872070312,-122.16375732421875,TEHAMA,UNINCORPORATED,-122.16379547119141,40.171188354492188
91519676,2021,2021-07-14,9130,2021-07-06,1350,016408,,2,1,9,5200,0,3,5,,2,030,"PAYNES CREEK RD","LUCK NOW RD",30.00,W,N,A,-,N,,,,,,,,,,Y,2,0,2,1,A,-,08,22107,,N,F,A,A,A,H,-,A,D,0,,,,,Y,,A,07,1,0,1,0,0,0,0,0,0,"- ","- ",40.197769165039062,-122.20703125,TEHAMA,UNINCORPORATED,-122.20689392089844,40.197826385498047