CASE_ID,ACCIDENT_YEAR,PROC_DATE,JURIS,COLLISION_DATE,COLLISION_TIME,OFFICER_ID,REPORTING_DISTRICT,DAY_OF_WEEK,CHP_SHIFT,POPULATION,CNTY_CITY_LOC,SPECIAL_COND,BEAT_TYPE,CHP_BEAT_TYPE,CITY_DIVISION_LAPD,CHP_BEAT_CLASS,BEAT_NUMBER,PRIMARY_RD,SECONDARY_RD,DISTANCE,DIRECTION,INTERSECTION,WEATHER_1,WEATHER_2,STATE_HWY_IND,CALTRANS_COUNTY,CALTRANS_DISTRICT,STATE_ROUTE,ROUTE_SUFFIX,POSTMILE_PREFIX,POSTMILE,LOCATION_TYPE,RAMP_INTERSECTION,SIDE_OF_HWY,TOW_AWAY,COLLISION_SEVERITY,NUMBER_KILLED,NUMBER_INJURED,PARTY_COUNT,PRIMARY_COLL_FACTOR,PCF_CODE_OF_VIOL,PCF_VIOL_CATEGORY,PCF_VIOLATION,PCF_VIOL_SUBSECTION,HIT_AND_RUN,TYPE_OF_COLLISION,MVIW,PED_ACTION,ROAD_SURFACE,ROAD_COND_1,ROAD_COND_2,LIGHTING,CONTROL_DEVICE,CHP_ROAD_TYPE,PEDESTRIAN_ACCIDENT,BICYCLE_ACCIDENT,MOTORCYCLE_ACCIDENT,TRUCK_ACCIDENT,NOT_PRIVATE_PROPERTY,ALCOHOL_INVOLVED,STWD_VEHTYPE_AT_FAULT,CHP_VEHTYPE_AT_FAULT,COUNT_SEVERE_INJ,COUNT_VISIBLE_INJ,COUNT_COMPLAINT_PAIN,COUNT_PED_KILLED,COUNT_PED_INJURED,COUNT_BICYCLIST_KILLED,COUNT_BICYCLIST_INJURED,COUNT_MC_KILLED,COUNT_MC_INJURED,PRIMARY_RAMP,SECONDARY_RAMP,LATITUDE,LONGITUDE,COUNTY,CITY,POINT_X,POINT_Y
91524078,2021,2021-07-20,9130,2021-07-13,2250,019041,,2,3,9,5200,0,3,5,,2,030,"LAKE CALIFORNIA DR","SAWTOOTH DR",2550.00,W,N,A,-,N,,,,,,,,,,Y,2,0,1,1,A,-,01,23152,A,N,E,I,A,A,H,-,D,D,0,,,,,Y,Y,A,01,1,0,0,0,0,0,0,0,0,"- ","- ",40.372211456298828,-122.23518371582031,TEHAMA,UNINCORPORATED,-122.23504638671875,40.372264862060547
91539546,2021,2021-08-09,9130,2021-08-01,0835,019742,,7,1,9,5200,0,3,5,,2,030,"WILLIAMS AVE","GILMORE RANCH RD",1056.00,N,N,A,-,N,,,,,,,,,,N,2,0,2,2,A,-,03,22350,,N,C,G,A,A,H,-,A,D,0,,Y,,,Y,,L,04,1,1,0,0,0,0,2,0,0,"- ","- ",40.171451568603516,-122.21485900878906,TEHAMA,UNINCORPORATED,-122.21409606933594,40.174339294433594
91544992,2021,2021-08-16,9130,2021-08-11,1510,019742,,3,2,9,5200,0,3,5,,2,040,"SAN MATEO AVENUE","SAMSON AVENUE",0.00,,Y,A,-,N,,,,,,,,,,Y,2,0,2,2,A,-,12,22450,A,N,D,C,A,A,H,-,A,A,0,,,,,Y,,A,07,2,0,0,0,0,0,0,0,0,"- ","- ",40.056171417236328,-122.15068817138672,TEHAMA,UNINCORPORATED,-122.15066528320312,40.056175231933594
91545138,2021,2021-08-16,9130,2021-08-13,2130,020579,,5,2,9,5200,0,1,1,,2,521,"CORNING REST AREA OFF RAMP FROM S/B I-5","KRAFT AVE",332.00,S,N,A,-,Y,,,,,,,,,,Y,2,0,1,1,A,-,01,23152,A,N,E,I,A,A,H,-,D,D,0,,,,,Y,Y,A,01,1,0,0,0,0,0,0,0,0,"- ","- ",39.948829650878906,-122.20102691650391,TEHAMA,UNINCORPORATED,,
91554629,2021,2021-08-26,9130,2021-08-17,2140,018710,,2,2,9,5200,0,1,3,,1,031,"STATE ROUTE 99","HOGSBACK ROAD",564.00,S,N,A,-,Y,,,99,,,,,,,Y,2,0,1,1,A,-,08,22107,,N,E,I,A,A,H,-,C,D,0,,,,,Y,,A,01,1,0,0,0,0,0,0,0,0,"- ","- ",40.183059692382812,-122.17520141601562,TEHAMA,UNINCORPORATED,-122.17514038085938,40.183120727539062
91567415,2021,2021-09-10,9130,2021-09-04,0620,019218,,6,1,9,5200,0,3,5,,2,030,"JELLYS FERRY RD.","PENNER DR",35.00,W,N,A,-,N,,,,,,,,,,Y,2,0,1,1,A,-,08,22107,,N,E,I,A,A,H,-,B,D,0,,,,,Y,,A,01,1,0,0,0,0,0,0,0,0,"- ","- ",40.253009796142578,-122.24617767333984,TEHAMA,UNINCORPORATED,-122.24633026123047,40.252635955810547
91573817,2021,2021-09-20,9130,2021-09-12,0310,020158,,7,3,9,5200,0,1,3,,1,041,"STATE HIGHWAY 99E","TEHAMA AND VINA RD",400.00,N,N,A,-,Y,,,99,,,,,,,Y,2,0,1,1,A,-,01,23152,A,N,E,I,A,A,H,-,D,D,0,,,,,Y,Y,A,07,1,0,0,0,0,0,0,0,0,"- ","- ",39.959709167480469,-122.06253051757812,TEHAMA,UNINCORPORATED,-122.06256103515625,39.959560394287109
91582896,2021,2021-09-29,9130,2021-09-22,2500,018083,,3,4,9,5200,0,1,3,,1,012,SR-36,"LITTLE GIAN MILL ROAD",556.00,W,N,A,-,Y,,,36,,,,,,,Y,2,0,1,1,A,-,08,22107,,N,E,I,A,A,H,-,A,D,0,,,,,Y,,A,01,1,0,0,0,0,0,0,0,0,"- ","- ",40.344638824462891,-121.73580932617188,TEHAMA,UNINCORPORATED,-121.73583984375,40.344795227050781
91586452,2021,2021-10-04,9130,2021-09-24,0634,018083,,5,1,9,5200,0,1,1,,2,052,"I-5 S/B","COUNTY ROAD 3",7392.00,N,N,A,-,Y,,,5,,,,,,S,Y,2,0,1,2,A,-,03,22350,,N,C,C,A,A,H,-,A,D,0,,,,Y,Y,,A,07,1,0,0,0,0,0,0,0,0,"- ","- ",39.814979553222656,-122.20008087158203,TEHAMA,UNINCORPORATED,-122.20006561279297,39.814979553222656
91589838,2021,2021-10-06,9130,2021-09-09,0019,020579,,4,3,9,5200,0,1,3,,1,041,SR-99E,"SOUTH AVE",6336.00,S,N,A,-,Y,,,99,,,,,,,Y,1,1,1,2,A,-,05,21460,A,N,A,C,A,A,H,-,D,D,0,,,,Y,Y,,A,07,0,1,0,0,0,0,0,0,0,"- ","- ",39.919281005859375,-122.01872253417969,TEHAMA,UNINCORPORATED,-122.0186767578125,39.919326782226562
91623807,2021,2021-11-15,9130,2021-10-30,1545,018710,,6,2,9,5200,0,2,4,,2,043,"GYLE ROAD","HIGHWAY 99 WEST",0.00,,Y,A,-,N,,,,,,,,,,Y,2,0,2,2,A,-,09,21802,A,N,D,C,A,A,H,-,A,A,0,,,,,Y,,D,22,1,1,0,0,0,0,0,0,0,"- ","- ",40.005481719970703,-122.17198181152344,TEHAMA,UNINCORPORATED,-122.171965,40.005482999999998
91625106,2021,2021-12-02,9130,2021-11-12,1440,019110,,5,2,9,5200,0,1,3,,1,032,SR-36E,"SEVEN MILE CREEK",200.00,W,N,A,-,Y,,,36,,,,,,,Y,2,0,1,1,A,-,08,22107,,N,F,I,A,A,H,-,A,D,0,,,,,Y,,D,22,1,0,0,0,0,0,0,0,0,"- ","- ",40.244731903076172,-122.152587890625,TEHAMA,UNINCORPORATED,-122.15261077880859,40.244743347167969
91625298,2021,2021-11-16,9130,2021-11-08,2015,019714,,1,2,9,5200,0,2,4,,2,034,"ROAD 99W","ORANGEWOOD ROAD",2524.00,N,N,B,C,N,,,,,,,,,,N,2,0,1,2,A,-,05,21202,A,N,A,G,A,B,H,-,D,D,0,,Y,,,Y,,L,04,1,0,0,0,0,0,1,0,0,"- ","- ",39.9669189453125,-122.17819976806641,TEHAMA,UNINCORPORATED,-122.17805480957031,39.96783447265625
91636167,2021,2021-11-29,9130,2021-11-18,0215,019041,,4,3,9,5200,0,1,1,,2,051,SR-99,"TEHAMA AND VINA ROAD",400.00,N,N,A,-,Y,,,99,,,,,,,Y,2,0,4,2,A,-,05,21460,A,N,A,C,A,A,H,-,D,D,0,,,,,Y,,A,07,4,0,0,0,0,0,0,0,0,"- ","- ",39.959369659423828,-122.06217193603516,TEHAMA,UNINCORPORATED,-122.06214141845703,39.959445953369141
91636195,2021,2021-11-29,9130,2021-11-24,1910,019714,,3,2,9,5200,0,1,1,,2,052,"INTERSTATE 5","CORNING ROAD",2112.00,N,N,A,-,Y,,,5,,,,,,,N,2,0,1,2,A,-,11,21954,A,N,G,B,D,A,H,-,D,A,0,Y,,,,Y,,N,60,1,0,0,0,1,0,0,0,0,"- ","- ",39.933650970458984,-122.20012664794922,TEHAMA,UNINCORPORATED,-122.20011138916016,39.933650970458984
91638798,2021,2021-12-02,9130,2021-11-18,1521,018710,,4,2,9,5200,0,3,5,,2,040,"ORANGEWOOD ROAD","OLIVE ROAD",0.00,,Y,B,-,N,,,,,,,,,,Y,2,0,2,2,A,-,09,21802,A,N,D,C,A,B,H,-,A,A,0,,,,,Y,,D,22,1,1,0,0,0,0,0,0,0,"- ","- ",39.960838317871094,-122.16481018066406,TEHAMA,UNINCORPORATED,-122.16477966308594,39.960811614990234
91643201,2021,2021-12-06,9130,2021-10-16,1925,019110,,6,2,9,5200,0,1,1,,2,051,"INTERSTATE 5 S/B","HOOKER CREEK RD",16368.00,S,N,A,-,Y,,,5,,,,,,S,Y,1,1,3,1,A,-,01,23152,A,N,E,I,A,A,H,-,D,D,0,,,,,Y,Y,A,01,2,1,0,0,0,0,0,0,0,"- ","- ",40.250370025634766,-122.26141357421875,TEHAMA,UNINCORPORATED,-122.26145935058594,40.250350952148438
91646209,2021,2021-12-08,9130,2021-12-02,1208,019792,,4,1,9,5200,0,1,1,,2,051,"I-5 NORTHBOUND","SUNSET HILLS DR.",255.00,S,N,A,-,Y,,,5,,,,,,N,Y,2,0,2,1,A,-,08,22107,,N,F,A,A,A,H,-,A,D,0,,,,,Y,,A,01,1,1,0,0,0,0,0,0,0,"- ","- ",40.326248168945312,-122.28106689453125,TEHAMA,UNINCORPORATED,-122.28095245361328,40.326259613037109
91652023,2021,2021-12-14,9140,2021-11-09,1429,019275,,2,2,9,5200,0,1,3,,2,062,SR-32,"SCOUT ROAD",13200.00,E,N,B,-,Y,,,32,,,,,,,Y,1,2,2,2,A,-,08,22107,,N,A,2,A,B,H,-,A,D,0,,,,,Y,,D,22,0,2,0,0,0,0,0,0,0,"- ","- ",40.143161773681641,-121.58457946777344,TEHAMA,UNINCORPORATED,-121.58455657958984,40.143150329589844
91665938,2021,2021-12-30,9130,2021-12-19,1508,019714,,7,2,9,5200,0,1,1,,2,052,"INTERSTATE 5","LIBERAL AVE",275.00,S,N,B,C,Y,,,5,,,,,,,N,2,0,1,1,A,-,01,23152,A,N,E,I,A,B,H,-,A,D,0,,,Y,,Y,Y,C,02,1,0,0,0,0,0,0,0,1,"- ","- ",39.880619049072266,-122.19947052001953,TEHAMA,UNINCORPORATED,-122.19997406005859,39.880619049072266
91684075,2021,2022-01-24,9130,2021-12-17,1700,018710,,5,2,3,5202,0,1,1,,2,051,"INTERSTATE 5 NORTHBOUND","NORTH MAIN STREET",2426.00,N,N,A,-,Y,,,5,,,,,,N,Y,1,1,4,4,A,-,03,22350,,N,C,C,A,A,G,-,A,A,0,,,,,Y,,A,07,0,4,0,0,0,0,0,0,0,"- ","- ",40.210918426513672,-122.24732971191406,TEHAMA,"RED BLUFF",-122.24735260009766,40.210910797119141
91686930,2020,2022-01-27,9130,2020-06-30,2232,019792,,2,3,3,5202,0,1,S,,2,901,SR-36,"STATE STREET",490.00,N,N,A,-,Y,,,36,,,,,,,Y,1,1,0,2,A,-,01,23152,G,N,E,I,A,A,H,-,C,D,0,,,,,Y,Y,A,07,0,0,0,0,0,0,0,0,0,"- ","- ",40.193531036376953,-122.24038696289062,TEHAMA,"RED BLUFF",-122.24036407470703,40.19354248046875
91688631,2022,2022-01-28,9130,2022-01-23,1450,019714,,7,2,9,5200,0,2,4,,2,034,"HIGHWAY 99W","GALLAGHER AVE",87.00,S,N,A,-,N,,,,,,,,,,N,2,0,2,2,A,-,03,22350,,N,C,C,A,A,H,-,A,D,0,,,,,Y,,A,01,1,1,0,0,0,0,0,0,0,"- ","- ",39.942119598388672,-122.17915344238281,TEHAMA,UNINCORPORATED,-122.17917633056641,39.942150115966797
91694465,2022,2022-02-07,9130,2022-01-29,0200,020579,,6,3,9,5200,0,1,1,,2,051,"I-5 S/B","FLORES AVE",5280.00,N,N,A,-,Y,TEH,,5,,R,20.771,H,,L,Y,2,0,1,1,A,-,01,23152,A,N,F,A,A,A,H,-,D,D,0,,,,,Y,Y,A,01,1,0,0,0,0,0,0,0,0,"- ","- ",40.098320007324219,-122.21764373779297,TEHAMA,UNINCORPORATED,-122.21770477294922,40.098316192626953
91696276,2022,2022-02-18,9130,2022-02-03,0800,018083,,4,1,9,5200,0,3,5,,2,040,"GALLAGHER AVE","EDITH AVENUE",0.00,,Y,A,-,N,,,,,,,,,,Y,2,0,4,2,A,-,09,21801,A,N,A,C,A,A,H,-,A,D,0,,,,,Y,,A,01,3,1,0,0,0,0,0,0,0,"- ","- ",39.942520141601562,-122.19754028320312,TEHAMA,UNINCORPORATED,-122.19751739501953,39.9425048828125
91698980,2022,2022-02-11,9130,2022-02-06,0315,020579,,7,3,9,5200,0,3,5,,2,020,"CORNING RD","BARHAM AVE",1000.00,W,N,A,-,N,,,,,,,,,,Y,2,0,1,1,A,-,01,23152,A,N,E,I,A,A,H,-,D,D,0,,,,,Y,Y,A,01,1,0,0,0,0,0,0,0,0,"- ","- ",39.928138732910156,-122.20658111572266,TEHAMA,UNINCORPORATED,-122.20647430419922,39.928173065185547
91698991,2022,2022-02-11,9130,2022-02-06,0345,020580,,7,3,9,5200,0,2,4,,2,034,"ROAD 99W","STONE AVE.",547.00,S,N,A,-,N,,,,,,,,,,N,2,0,2,1,A,-,08,22107,,N,E,I,A,A,H,-,D,D,0,,,,,Y,,A,01,2,0,0,0,0,0,0,0,0,"- ","- ",40.056259155273438,-122.17002105712891,TEHAMA,UNINCORPORATED,,
91701793,2022,2022-02-16,9130,2022-02-09,0835,016408,,3,1,9,5200,0,1,1,,2,052,"I-5 NB FROM SOUTH AVE","SOUTH AVE",169.00,N,N,A,-,Y,TEH,,5,,R,7.521,H,,R,Y,2,0,1,1,A,-,08,22107,,N,E,I,A,A,H,-,A,D,0,,,,,Y,,D,22,1,0,0,0,0,0,0,0,0,"- ","- ",39.907020568847656,-122.19998168945312,TEHAMA,UNINCORPORATED,-122.20005798339844,39.907020568847656
91705310,2022,2022-02-21,9130,2022-01-21,1015,018710,,5,1,9,5200,0,2,4,,2,034,"HIGHWAY 99 WEST","CHARD AVE",2099.00,S,N,A,-,N,,,,,,,,,,Y,1,1,1,2,A,-,09,21801,A,N,A,C,A,A,H,-,A,D,0,,,,,Y,,D,22,0,1,0,0,0,0,0,0,0,"- ","- ",40.063159942626953,-122.17008209228516,TEHAMA,UNINCORPORATED,,
91713370,2022,2022-04-28,9130,2022-02-18,2315,020580,,5,3,9,5200,0,3,5,,2,040,"HOAG ROAD","GAYLORD AVENUE",217.00,E,N,A,-,N,,,,,,,,,,Y,2,0,2,2,A,-,08,22107,,N,A,C,A,A,H,-,D,D,0,,,,,Y,Y,A,01,1,1,0,0,0,0,0,0,0,"- ","- ",39.9285888671875,-122.13128662109375,TEHAMA,UNINCORPORATED,-122.13146209716797,39.928592681884766
91720071,2022,2022-03-10,9130,2022-03-04,0811,018083,,5,1,9,5200,0,1,3,,1,031,SR-99,"68TH AVENUE",273.00,S,N,A,-,Y,TEH,,99,,R,17.894,H,,R,Y,2,0,1,2,A,-,03,22350,,N,C,C,A,A,H,-,A,D,0,,,,,Y,,A,01,1,0,0,0,0,0,0,0,0,"- ","- ",40.107398986816406,-122.10967254638672,TEHAMA,UNINCORPORATED,-122.10966491699219,40.107402801513672
91721996,2022,2022-03-14,9130,2022-03-05,0135,020579,,6,3,9,5200,0,3,5,,2,020,"RANCHO TEHAMA RD","HILLCREST DR",443.00,W,N,A,-,N,,,,,,,,,,Y,2,0,1,1,A,-,08,22107,,N,E,I,A,A,H,-,D,D,0,,,,,Y,,A,07,1,0,0,0,0,0,0,0,0,"- ","- ",40.013290405273438,-122.38899230957031,TEHAMA,UNINCORPORATED,-122.388916015625,40.013301849365234
91735368,2022,2022-03-28,9130,2022-03-12,1300,018083,,6,1,9,5200,0,1,1,,2,051,"I-5 N/B","DIAMOND AVENUE",300.00,N,N,A,-,Y,TEH,,5,,R,24.992,H,,R,Y,2,0,1,2,A,-,03,22350,,N,C,C,A,A,H,-,A,D,0,,,Y,Y,Y,,C,02,1,0,0,0,0,0,0,0,1,"- ","- ",40.159099578857422,-122.22299957275391,TEHAMA,UNINCORPORATED,-122.22303771972656,40.159103393554688
91737630,2022,2022-03-30,9130,2022-03-23,0155,019110,,3,3,2,5201,0,1,1,,2,052,"INTERSTATE 5 S/B","SOUTH AVE",1390.00,S,N,A,-,Y,TEH,,5,,R,7.219,H,,L,Y,2,0,4,1,A,-,08,22107,,N,F,0,A,A,H,-,C,D,0,,,,,Y,,A,07,2,2,0,0,0,0,0,0,0,"- ","- ",39.90264892578125,-122.20041656494141,TEHAMA,CORNING,-122.20034027099609,39.90264892578125
91751534,2022,2022-04-19,9130,2022-04-09,2212,022449,,6,3,9,5200,0,2,4,,2,042,"SOUTH AVENUE","WOODSON AVENUE",0.00,,Y,A,-,N,,,,,,,,,,Y,2,0,1,2,A,-,03,22350,,N,C,C,A,A,H,-,D,D,0,,,Y,,Y,,A,07,1,0,0,0,0,0,0,0,1,"- ","- ",39.906318664550781,-122.18356323242188,TEHAMA,UNINCORPORATED,-122.18345642089844,39.906349182128906
91770721,2022,2022-05-12,9130,2022-05-04,0734,018083,,3,1,9,5200,0,1,1,,2,052,"I-5 S/B","COUNTY ROAD 3",10560.00,N,N,A,-,Y,TEH,,5,,R,1.639,H,,L,Y,2,0,1,1,C,-,18,,,N,E,I,A,A,H,-,A,D,0,,,,,Y,,-,"- ",1,0,0,0,0,0,0,0,0,"- ","- ",39.821720123291016,-122.20023345947266,TEHAMA,UNINCORPORATED,-122.20008850097656,39.821720123291016
91774404,2022,2022-05-17,9130,2022-05-04,1730,019792,,3,2,9,5200,0,3,5,,2,010,"DUSTY WAY","RAWSON RD.",2640.00,W,N,A,-,N,,,,,,,,,,Y,2,0,1,1,A,-,08,22107,,N,E,I,A,A,H,-,A,D,0,,,,,Y,Y,A,01,1,0,0,0,0,0,0,0,0,"- ","- ",40.077239990234375,-122.24288177490234,TEHAMA,UNINCORPORATED,-122.24281311035156,40.077175140380859
91779296,2022,2022-05-24,9130,2022-05-15,0208,022449,,7,3,9,5200,0,1,1,,2,051,"I-5 N/B","BOWMAN ROAD",5280.00,S,N,A,-,Y,TEH,,5,,,40.437,H,,R,Y,2,0,1,2,A,-,01,23152,A,M,C,E,A,A,H,-,D,D,0,,,,,Y,Y,A,01,1,0,0,0,0,0,0,0,0,"- ","- ",40.3519287109375,-122.28227996826172,TEHAMA,UNINCORPORATED,-122.28236389160156,40.351924896240234
91783972,2022,2022-05-30,9130,2022-05-12,1345,019742,,4,1,9,5200,1,3,5,,2,010,"SOUTH AVENUE","KIRKWOOD ROAD",25.00,W,N,A,-,N,,,,,,,,,,Y,2,0,9,2,A,-,05,21460,A,N,D,C,A,A,H,-,A,D,0,,,,,Y,,A,01,1,1,7,0,0,0,0,0,0,"- ","- ",39.906280517578125,-122.1785888671875,TEHAMA,UNINCORPORATED,-122.17862701416016,39.906303405761719
91786497,2022,2022-06-02,9130,2022-05-18,0936,018812,,3,1,9,5200,0,3,5,,2,010,"WALNUT RD","BAKER ROAD",473.00,W,N,A,-,N,,,,,,,,,,Y,2,0,1,2,A,-,09,21801,A,N,D,C,A,A,H,-,A,D,0,,,Y,,Y,,D,22,1,0,0,0,0,0,0,0,1,"- ","- ",40.168418884277344,-122.26760101318359,TEHAMA,UNINCORPORATED,-122.26277160644531,40.168403625488281
91793892,2022,2022-06-13,9130,2022-05-26,1739,019714,,4,2,9,5200,0,2,4,,2,042,"SOUTH AVE","HOUGHTON AVE",0.00,,Y,A,-,N,,,,,,,,,,Y,2,0,2,2,A,-,03,22350,,N,C,C,A,A,H,-,A,D,0,,,,,Y,,D,22,2,0,0,0,0,0,0,0,0,"- ","- ",39.906368255615234,-122.18733978271484,TEHAMA,UNINCORPORATED,-122.18824768066406,39.906414031982422
91795108,2022,2022-06-14,9130,2022-05-28,1726,020580,,6,2,9,5200,0,1,3,,1,031,SR-99,"ANDREWS ST",225.00,N,N,A,-,Y,TEH,,99,,,19.792,H,,R,Y,2,0,1,2,A,-,09,21804,A,N,D,C,A,A,H,-,A,D,0,,,Y,,Y,,C,02,1,0,0,0,0,0,0,0,1,"- ","- ",40.131809234619141,-122.12359619140625,TEHAMA,UNINCORPORATED,-122.12354278564453,40.131824493408203
9180189,2020,2020-12-03,5202,2020-10-27,0709,2520,RBPD,2,5,3,5202,0,0,0,,0,,"RT 36","CHESTNUT AV",0.00,,Y,A,-,Y,TEH,2,36,-,-,42.800,H,-,W,Y,2,0,2,2,A,-,03,22350,,N,C,C,A,A,H,-,A,A,0,,,,,Y,,I,11,1,0,1,0,0,0,0,0,0,"- ","- ",40.186061859130859,-122.20935821533203,TEHAMA,"RED BLUFF",-122.20849609375,40.186069488525391
91813749,2022,2022-07-11,9130,2022-07-03,1800,022449,,7,2,9,5200,0,1,3,,1,032,SR-36,"TUSCAN SPRINGS RD",3696.00,W,N,B,-,Y,TEH,,36,,,50.700,H,,R,Y,2,0,5,1,A,-,08,22107,,N,F,A,A,A,H,-,A,D,0,,,,,Y,,A,08,1,4,0,0,0,0,0,0,0,"- ","- ",40.270641326904297,-122.12934875488281,TEHAMA,UNINCORPORATED,-122.129638671875,40.270797729492188
91818719,2022,2022-07-18,9140,2022-07-06,1815,018645,,3,2,9,5200,0,1,3,,2,063,SR-36,"ROAD 140 A",4524.00,W,N,A,-,Y,TEH,,36,,R,77.895,H,,R,Y,2,0,1,1,A,-,08,22107,,N,F,A,A,A,H,-,A,D,0,,,Y,,Y,,C,02,1,0,0,0,0,0,0,0,1,"- ","- ",40.346588134765625,-121.68498992919922,TEHAMA,UNINCORPORATED,-121.68498992919922,40.346542358398438
91830572,2022,2022-08-02,9130,2022-07-24,2145,019041,,7,2,9,5200,0,2,4,,2,043,"COUNTY ROAD 99W","SONOMA AVENUE",800.00,S,N,A,-,N,,,,,,,,,,Y,2,0,2,2,A,-,01,23152,A,N,A,C,A,A,H,-,D,D,0,,,,,Y,Y,D,22,2,0,0,0,0,0,0,0,0,"- ","- ",39.972770690917969,-122.17749786376953,TEHAMA,UNINCORPORATED,-122.17747497558594,39.972801208496094
91843462,2022,2022-08-18,9130,2022-08-09,0150,022449,,2,3,9,5200,0,1,3,,1,012,SR-36,"BOWMAN ROAD",38016.00,W,N,A,-,Y,TEH,,36,,,15.947,H,,R,Y,2,0,1,1,A,-,08,22107,,N,E,I,A,A,H,-,D,D,0,,,,,Y,,A,07,1,0,0,0,0,0,0,0,0,"- ","- ",40.289508819580078,-122.61009216308594,TEHAMA,UNINCORPORATED,-122.61009216308594,40.289546966552734
91856831,2022,2022-09-05,9130,2022-08-25,0510,020579,,4,3,9,5200,0,2,4,,2,043,"STATE HIGHWAY 99W","CHASE AVE",341.00,N,N,A,-,Y,,,,,,,,,,Y,2,0,1,2,A,-,09,21804,A,N,D,C,A,A,H,-,D,D,0,,,,Y,Y,,-,"- ",1,0,0,0,0,0,0,0,0,"- ","- ",39.889308929443359,-122.19753265380859,TEHAMA,UNINCORPORATED,-122.19745635986328,39.889377593994141
91861715,2022,2022-09-12,9130,2022-08-31,2000,019714,,3,2,9,5200,0,3,5,,2,020,"WOODLAND AVE","HAMILTON AVE",15.00,S,N,A,-,N,,,,,,,,,,N,2,0,1,1,A,-,01,23152,A,N,F,A,A,A,H,-,B,D,0,,,Y,,Y,Y,C,06,1,0,0,0,0,0,0,0,1,"- ","- ",40.017490386962891,-122.14479827880859,TEHAMA,UNINCORPORATED,-122.14481353759766,40.017520904541016
91862119,2022,2022-09-12,9241,2022-09-02,0925,019006,,5,1,9,5200,0,1,3,,1,060,"SR32 E/B","HUMBOLDT ROAD",4224.00,E,N,A,-,Y,,,,,,,,,,Y,2,0,1,1,A,-,08,22107,,N,E,I,A,A,H,-,A,D,0,,,,Y,Y,,G,75,1,0,0,0,0,0,0,0,0,"- ","- ",40.029239654541016,-121.36836242675781,TEHAMA,UNINCORPORATED,-121.74357604980469,39.753917694091797
91864759,2022,2022-09-15,9140,2022-09-05,1055,015598,,1,1,9,5200,0,1,S,,2,072,"STATE ROUTE 36","TRAMWAY RD.",1056.00,W,N,A,-,Y,TEH,,36,,R,77.668,H,,R,Y,2,0,1,1,A,-,03,22350,,N,F,A,A,A,H,-,A,D,0,,,Y,,Y,,C,02,1,0,0,0,0,0,0,0,1,"- ","- ",40.345939636230469,-121.68905639648438,TEHAMA,UNINCORPORATED,-121.6890869140625,40.345993041992188
91871465,2022,2022-09-23,9130,2022-08-29,1730,015824,,1,2,9,5200,0,1,1,,2,051,"INTERSTATE 5 NORTHBOUND","FLORES AVE",3168.00,N,N,A,-,Y,TEH,,5,,R,20.377,H,,R,Y,2,0,1,3,A,-,01,23152,A,N,A,C,A,A,H,-,A,D,0,,,,Y,Y,Y,D,22,1,0,0,0,0,0,0,0,0,"- ","- ",40.092628479003906,-122.21707916259766,TEHAMA,UNINCORPORATED,-122.21712493896484,40.092628479003906
91872077,2022,2022-10-05,9130,2022-09-13,1630,019714,,2,2,9,5200,0,2,4,,2,042,"SOUTH AVE","MARY AVE",1754.00,W,N,A,-,N,,,,,,,,,,N,2,0,1,1,A,-,08,22107,,N,E,I,A,A,H,-,A,D,0,,,,,Y,,A,01,1,0,0,0,0,0,0,0,0,"- ","- ",39.906101226806641,-122.15521240234375,TEHAMA,UNINCORPORATED,-122.15685272216797,39.906078338623047
91883957,2022,2022-10-06,9130,2022-09-29,2030,019110,,4,2,9,5200,0,2,4,,2,013,"BOWMAN RD","EVERGREEN RD",0.00,,Y,A,-,N,,,,,,,,,,Y,2,0,1,2,A,-,09,21802,A,F,A,C,A,A,H,-,D,D,0,,,Y,,Y,,A,07,1,0,0,0,0,0,0,0,1,"- ","- ",40.359870910644531,-122.33583068847656,TEHAMA,UNINCORPORATED,-122.3358154296875,40.359886169433594
91886259,2022,2022-10-10,9130,2022-10-03,2500,020579,,1,4,9,5200,0,1,3,,1,031,"SR-99 S/B","SALT CREEK RD",950.00,S,N,A,-,Y,TEH,,99,,,22.751,H,,L,Y,2,0,1,1,A,-,08,22107,,N,E,I,A,A,H,-,D,D,0,,,Y,,Y,,C,02,1,0,0,0,0,0,0,0,1,"- ","- ",40.166690826416016,-122.15619659423828,TEHAMA,UNINCORPORATED,-122.15608978271484,40.166763305664062