CASE_ID,ACCIDENT_YEAR,PROC_DATE,JURIS,COLLISION_DATE,COLLISION_TIME,OFFICER_ID,REPORTING_DISTRICT,DAY_OF_WEEK,CHP_SHIFT,POPULATION,CNTY_CITY_LOC,SPECIAL_COND,BEAT_TYPE,CHP_BEAT_TYPE,CITY_DIVISION_LAPD,CHP_BEAT_CLASS,BEAT_NUMBER,PRIMARY_RD,SECONDARY_RD,DISTANCE,DIRECTION,INTERSECTION,WEATHER_1,WEATHER_2,STATE_HWY_IND,CALTRANS_COUNTY,CALTRANS_DISTRICT,STATE_ROUTE,ROUTE_SUFFIX,POSTMILE_PREFIX,POSTMILE,LOCATION_TYPE,RAMP_INTERSECTION,SIDE_OF_HWY,TOW_AWAY,COLLISION_SEVERITY,NUMBER_KILLED,NUMBER_INJURED,PARTY_COUNT,PRIMARY_COLL_FACTOR,PCF_CODE_OF_VIOL,PCF_VIOL_CATEGORY,PCF_VIOLATION,PCF_VIOL_SUBSECTION,HIT_AND_RUN,TYPE_OF_COLLISION,MVIW,PED_ACTION,ROAD_SURFACE,ROAD_COND_1,ROAD_COND_2,LIGHTING,CONTROL_DEVICE,CHP_ROAD_TYPE,PEDESTRIAN_ACCIDENT,BICYCLE_ACCIDENT,MOTORCYCLE_ACCIDENT,TRUCK_ACCIDENT,NOT_PRIVATE_PROPERTY,ALCOHOL_INVOLVED,STWD_VEHTYPE_AT_FAULT,CHP_VEHTYPE_AT_FAULT,COUNT_SEVERE_INJ,COUNT_VISIBLE_INJ,COUNT_COMPLAINT_PAIN,COUNT_PED_KILLED,COUNT_PED_INJURED,COUNT_BICYCLIST_KILLED,COUNT_BICYCLIST_INJURED,COUNT_MC_KILLED,COUNT_MC_INJURED,PRIMARY_RAMP,SECONDARY_RAMP,LATITUDE,LONGITUDE,COUNTY,CITY,POINT_X,POINT_Y
9192007,2020,2021-01-08,5202,2020-11-20,1557,1475,RBPD,5,5,3,5202,0,0,0,,0,001,"RT 36","GILMORE RD",278.00,W,N,A,-,Y,TEH,2,36,-,-,41.620,H,-,E,Y,2,0,1,3,A,-,03,22350,,N,B,C,A,A,H,-,A,A,0,,,Y,,Y,,C,02,1,0,0,0,0,0,0,0,1,"- ","- ",40.179161071777344,-122.22830963134766,TEHAMA,"RED BLUFF",-122.22855377197266,40.179149627685547
91939786,2022,2022-12-12,9130,2022-07-09,0814,018710,,6,1,9,5200,0,3,5,,2,030,"MANTON RD","WILDCAT RD",15840.00,E,N,A,-,N,,,,,,,,,,Y,1,1,0,1,A,-,08,22107,,N,E,I,A,A,H,-,A,D,0,,,,Y,Y,,F,27,0,0,0,0,0,0,0,0,0,"- ","- ",40.411529541015625,-121.92656707763672,TEHAMA,UNINCORPORATED,-121.92839813232422,40.411750793457031
91960892,2022,2023-01-05,9130,2022-12-30,2255,021060,,5,3,9,5200,0,3,5,,2,010,"EVERGREEN ROAD","OLD GOLD ROAD",30.00,S,N,C,-,N,,,,,,,,,,Y,2,0,1,1,A,-,01,23152,A,N,E,I,A,B,H,-,D,D,0,,,,,Y,Y,A,08,1,0,0,0,0,0,0,0,0,"- ","- ",40.367351531982422,-122.40615081787109,TEHAMA,UNINCORPORATED,,
91963386,2022,2023-01-12,9130,2022-12-09,1610,019110,,5,2,9,5200,0,3,5,,2,040,"MALTON SWITCH RD","WATKINS RD",0.00,,Y,B,-,N,,,,,,,,,,Y,1,1,1,2,A,-,09,21802,A,N,D,C,A,A,H,-,A,A,0,,,,,Y,,-,"- ",1,0,0,0,0,0,0,0,0,"- ","- ",39.797618865966797,-122.14100646972656,TEHAMA,UNINCORPORATED,-122.1409912109375,39.797622680664062
91980623,2022,2023-01-27,9130,2022-11-13,1840,022516,,7,2,9,5200,0,3,5,,2,030,"LAKE CALIFORNIA DRIVE","SAWTOOTH DRIVE",2640.00,W,N,A,-,N,,,,,,,,,,Y,1,1,0,1,A,-,08,22107,,N,E,J,A,A,H,-,D,D,0,,,,,Y,Y,A,07,0,0,0,0,0,0,0,0,0,"- ","- ",40.371601104736328,-122.23635101318359,TEHAMA,UNINCORPORATED,-122.23535919189453,40.372207641601562
91992795,2022,2023-02-13,9130,2022-12-11,1450,022516,,7,2,9,5200,0,1,1,,2,052,"I-5 NORTHBOUND","LIBERAL AVENUE",3168.00,S,N,B,-,Y,TEH,,5,,R,5.121,H,,R,Y,2,0,4,1,A,-,08,22107,,N,F,A,A,B,H,-,A,D,0,,,,,Y,,A,07,4,0,0,0,0,0,0,0,0,"- ","- ",39.872188568115234,-122.19986724853516,TEHAMA,UNINCORPORATED,-122.199951171875,39.872188568115234
92001341,2022,2023-02-23,9140,2022-09-16,0645,021238,,5,1,9,5200,0,1,3,,2,062,"STATE ROUTE 32","FOREST ROUTE 27N08",2112.00,W,N,A,-,Y,TEH,,32,,,8.803,H,,R,Y,1,1,0,1,A,-,08,22107,,N,E,I,A,A,H,-,B,D,0,,,,,Y,,-,"- ",0,0,0,0,0,0,0,0,0,"- ","- ",40.145469665527344,-121.58451843261719,TEHAMA,UNINCORPORATED,-121.58458709716797,40.145439147949219
92032473,2023,2023-03-30,9130,2023-03-23,"745 ",018710,,4,1,9,5200,0,2,4,,2,042,"SOUTH AVENUE","MARY AVENUE",294.00,E,N,B,-,N,,,,,,,,,,Y,2,0,2,3,A,-,03,22350,,N,A,C,A,B,H,-,A,D,0,,,,,Y,,D,22,1,1,0,0,0,0,0,0,0,"- ","- ",39.905960083007812,-122.14962768554688,TEHAMA,UNINCORPORATED,-122.14955139160156,39.905979156494141
92066443,2023,2023-05-11,9130,2023-05-09,1146,019742,,2,1,9,5200,0,3,5,,2,020,"PASKENTA ROAD","OSBORN ROAD",6336.00,N,N,A,-,N,,,,,,,,,,Y,2,0,1,1,A,-,08,22107,,N,E,8,A,A,H,-,A,D,0,,,,,Y,,A,07,1,0,0,0,0,0,0,0,0,"- ","- ",39.917991638183594,-122.470947265625,TEHAMA,UNINCORPORATED,-122.4693603515625,39.918365478515625
92068861,2023,2023-05-15,9130,2023-05-03,1210,018083,,3,1,9,5200,0,3,5,,2,020,"PASKENTA ROAD","PASKENTA CEMETERY ROAD",3168.00,E,N,A,-,N,,,,,,,,,,Y,2,0,1,1,A,-,08,22107,,N,E,I,A,A,H,-,A,D,0,,,,Y,Y,,F,26,1,0,0,0,0,0,0,0,0,"- ","- ",39.904579162597656,-122.50199127197266,TEHAMA,UNINCORPORATED,-122.50218200683594,39.904338836669922
92068898,2022,2023-05-15,9130,2022-12-05,1740,022516,,1,2,9,5200,0,2,4,,2,042,"SOUTH AVENUE","MICHIGAN AVE",836.00,W,N,B,-,N,,,,,,,,,,Y,1,1,1,2,A,-,06,21751,,N,A,C,A,B,H,-,D,D,0,,,,Y,Y,,A,07,0,1,0,0,0,0,0,0,0,"- ","- ",39.906669616699219,-122.11559295654297,TEHAMA,UNINCORPORATED,-122.11531066894531,39.906658172607422
92073145,2023,2023-05-19,9130,2023-05-12,1530,021060,,5,2,9,5200,0,1,1,,2,052,"INTERSTATE 5 SOUTHBOUND","LIBERAL AVE",4224.00,S,N,A,-,Y,TEH,,5," ",R,4.950,H,,L,N,2,0,4,1,A,-,08,22107,,N,F,A,A,A,H,-,A,D,0,,,,,Y,,D,22,2,2,0,0,0,0,0,0,0,"- ","- ",39.869781494140625,-122.20018005371094,TEHAMA,UNINCORPORATED,-122.20025634765625,39.869777679443359
92076115,2023,2023-05-24,9130,2023-05-18,1410,019714,,4,2,9,5200,0,3,5,,2,020,"PASKENTA RD","RANCHO TEHAMA RD",5491.00,N,N,A,-,N,,,,,,,,,,N,2,0,1,1,A,-,08,22107,,N,F,A,A,A,H,-,A,D,0,,,Y,,Y,Y,C,02,1,0,0,0,0,0,0,0,1,"- ","- ",40.045490264892578,-122.29277038574219,TEHAMA,UNINCORPORATED,-122.29271697998047,40.045394897460938
92095904,2023,2023-07-04,9130,2023-06-03,1355,020579,,6,1,9,5200,0,2,4,,2,042,"SOUTH AVE","GARDINER FERRY RD",0.00,,Y,A,-,N,,,,,,,,,,Y,1,1,1,2,A,-,09,21801,A,N,D,C,A,A,H,-,A,D,0,,,Y,,Y,,A,01,0,1,0,0,0,0,0,1,0,"- ","- ",39.908409118652344,-122.09314727783203,TEHAMA,UNINCORPORATED,-122.09311676025391,39.908348083496094
92099791,2023,2023-06-22,9140,2023-06-12,"255 ",018645,,1,3,9,5200,0,1,3,,2,061,SR-36,SR-32,0.00,,Y,C,-,Y,TEH,,36," "," ",99.941,H,,R,Y,2,0,1,1,A,-,12,22450,A,N,E,8,A,B,H,-,D,A,0,,,,,Y,,A,01,1,0,0,0,0,0,0,0,0,"- ","- ",40.279399871826172,-121.42108154296875,TEHAMA,UNINCORPORATED,-121.42111968994141,40.279354095458984
92100004,2023,2023-06-22,9130,2023-06-18,1030,019742,,7,1,9,5200,0,1,3,,1,032,SR-36,"WILD R HORSE RANCH",2640.00,E,N,A,-,Y,TEH,,36," "," ",5.347,H,,R,Y,2,0,1,1,A,-,08,22107,,N,F,A,A,A,H,-,A,D,0,,,,Y,Y,,G,25,1,0,0,0,0,0,0,0,0,"- ","- ",40.318519592285156,-122.783447265625,TEHAMA,UNINCORPORATED,-122.78340911865234,40.318553924560547
92109387,2023,2023-07-04,9130,2023-06-24,1515,020735,,6,2,9,5200,0,1,3,,1,031,SR-99,"CONE GROVE RD",27.00,N,N,A,-,Y,TEH,,99," "," ",23.126,H,,R,Y,2,0,3,3,A,-,01,23152,A,N,C,C,A,A,H,-,A,D,0,,,,,Y,Y,D,22,2,1,0,0,0,0,0,0,0,"- ","- ",40.169448852539062,-122.16206359863281,TEHAMA,UNINCORPORATED,-122.16204071044922,40.169460296630859
92122261,2023,2023-07-20,9130,2023-07-12,2200,022516,,3,3,9,5200,0,3,5,,2,040,"GERBER ROAD","SAN BENITO AVE",249.00,W,N,A,-,N,,,,,,,,,,Y,2,0,1,2,A,-,01,23152,A,M,B,C,A,A,H,-,D,D,0,,,,,Y,Y,A,07,1,0,0,0,0,0,0,0,0,"- ","- ",40.047489166259766,-122.14761352539062,TEHAMA,UNINCORPORATED,-122.1475830078125,40.047508239746094
92123805,2023,2023-07-24,9130,2023-07-16,2035,022449,,7,2,9,5200,0,2,4,,2,013,"BOWMAN ROAD","BYWOOD DRIVE",29.00,E,N,A,-,N,,,,,,,,,,Y,2,0,1,1,A,-,08,22107,,N,F,A,A,A,H,-,B,D,0,,,Y,,Y,,C,02,1,0,0,0,0,0,0,0,1,"- ","- ",40.338958740234375,-122.35868072509766,TEHAMA,UNINCORPORATED,-122.35935974121094,40.338756561279297
92131534,2023,2023-07-31,9140,2023-07-19,1017,018645,,3,1,9,5200,0,1,3,,2,064,SR172,"172 TEH 1.25",528.00,E,N,A,-,Y,TEH,,172," "," ",1.293,H,,R,N,2,0,1,1,A,-,03,22350,,N,F,A,A,A,H,-,A,D,0,,Y,,,Y,,L,04,1,0,0,0,0,0,1,0,0,"- ","- ",40.333240509033203,-121.58441162109375,TEHAMA,UNINCORPORATED,-121.58441162109375,40.333225250244141
92134270,2023,2023-08-02,9140,2023-05-30,1535,021043,,2,2,9,5200,0,1,3,,2,062,"STATE ROUTE 32","USFS ROAD 28N12",4224.00,N,N,A,-,Y,TEH,,32," "," ",22.552,H,,R,Y,1,1,1,2,A,-,03,22350,,N,A,C,A,A,H,-,A,D,0,,,Y,,Y,,-,"- ",0,1,0,0,0,0,0,1,0,"- ","- ",40.259750366210938,-121.45046234130859,TEHAMA,UNINCORPORATED,-121.450439453125,40.259750366210938
92149832,2023,2023-08-22,9130,2023-08-10,1215,018710,,4,1,9,5200,0,1,3,,1,032,"STATE ROUTE 36","SHASTA - TEHAMA COUNTY LINE",79200.00,E,N,A,-,Y,TEH,,36," "," ",15.068,H,,R,Y,2,0,2,1,A,-,08,22107,,N,F,A,A,A,H,-,A,D,0,,,Y,,Y,,C,02,1,1,0,0,0,0,0,0,2,"- ","- ",40.291011810302734,-122.62296295166016,TEHAMA,UNINCORPORATED,-122.62291717529297,40.291011810302734
92150390,2023,2023-08-23,9130,2023-06-10,1455,019110,,6,2,9,5200,0,1,3,,1,041,"STATE ROUTE 99","TOOMES CREEK",3590.00,S,N,A,-,Y,TEH,,99," "," ",7.662,H,,R,Y,1,2,1,2,A,-,06,21751,,N,A,C,A,A,H,-,A,D,0,,,,,Y,,D,22,1,0,0,0,0,0,0,0,0,"- ","- ",39.964618682861328,-122.07103729248047,TEHAMA,UNINCORPORATED,-122.07102203369141,39.964626312255859
9222357,2021,2021-03-04,5202,2021-02-11,0847,7273,RBPD,4,5,3,5202,0,0,0,,0,,"RT 36","DAMON AV",19.00,W,N,A,-,Y,TEH,2,36,-,-,42.600,H,-,W,N,2,0,1,2,A,-,05,21202,A,N,D,G,A,A,H,-,A,D,0,,Y,,,Y,,L,04,1,0,0,0,0,0,1,0,0,"- ","- ",,,TEHAMA,"RED BLUFF",-122.21222686767578,40.186031341552734
92239157,2023,2023-11-17,9130,2023-11-08,1715,019714,,3,2,9,5200,0,1,3,,1,041,SR-99,"VINA RD",0.00,,Y,A,-,Y,TEH,,99," "," ",5.421,H,,R,N,2,0,1,2,A,-,09,21802,A,N,D,C,A,A,H,-,B,A,0,,,Y,,Y,Y,C,06,1,0,0,0,0,0,0,0,1,"- ","- ",39.940311431884766,-122.04634094238281,TEHAMA,UNINCORPORATED,-122.04637145996094,39.940288543701172
92256301,2023,2023-12-07,9130,2023-07-29,1244,018083,,6,1,9,5200,0,1,1,,2,052,"INTERSTATE 5 S/B","RICE CREEK",120.00,S,N,A,-,Y,TEH,,5," ",R,3.997,H,,L,Y,1,6,1,2,A,-,08,22107,,N,D,C,A,A,H,-,A,D,0,,,,,Y,,A,07,0,1,0,0,0,0,0,0,0,"- ","- ",39.855869293212891,-122.20021057128906,TEHAMA,UNINCORPORATED,-122.20018768310547,39.855869293212891
92314815,2024,2024-02-15,9130,2024-02-08,2200,018710,,4,3,9,5200,0,3,5,,2,040,"RIVER ROAD","SAN JOSE ROAD",45.00,W,N,B,-,N,,,,,,,,,,Y,2,0,1,1,C,-,18,,,N,F,A,A,A,H,-,D,D,0,,,Y,,Y,,-,"- ",1,0,0,0,0,0,0,0,1,"- ","- ",39.975120544433594,-122.13195037841797,TEHAMA,UNINCORPORATED,-122.13182067871094,39.975101470947266
92346015,2024,2024-03-25,9130,2024-03-16,1340,018710,,6,1,9,5200,0,1,3,,1,032,"STATE ROUTE 36","MCCOY ROAD",1056.00,W,N,A,-,Y,TEH,,36," ",R,38.943,H,,R,Y,2,0,1,1,A,-,08,22107,,N,E,8,A,A,H,-,A,D,0,,,Y,,Y,,C,02,1,0,0,0,0,0,0,0,1,"- ","- ",40.214389801025391,-122.27471160888672,TEHAMA,UNINCORPORATED,-122.27474975585938,40.214359283447266
92348558,2024,2024-03-27,9130,2024-01-22,1755,022516,,1,2,9,5200,0,3,5,,2,030,"BELLE MILL RD","DAMON AVE",170.00,W,N,B,-,N,,,,,,,,,,N,2,0,1,2,A,-,08,22107,,F,G,B,F,B,H,-,D,D,0,Y,,,,Y,,-,99,1,0,0,0,1,0,0,0,0,"- ","- ",40.186149597167969,-122.21304321289062,TEHAMA,UNINCORPORATED,-122.2130126953125,40.186161041259766
92365907,2024,2024-04-16,9130,2024-04-09,1725,020212,,2,2,9,5200,0,3,5,,2,040,"HOAG RD","GAYLORD AVE",282.00,E,N,A,-,N,,,,,,,,,,Y,2,0,2,2,A,-,08,22107,,N,D,C,A,A,H,-,A,D,0,,,,,Y,,A,01,1,1,0,0,0,0,0,0,0,"- ","- ",39.928619384765625,-122.13108825683594,TEHAMA,UNINCORPORATED,-122.13123321533203,39.928611755371094
92381358,2024,2024-05-03,9130,2024-05-01,"300 ",022516,,3,3,9,5200,0,1,1,,2,051,"I-5 SOUTHBOUND TO BOWMAN ROAD","BOWMAN ROAD",530.00,N,N,A,-,Y,TEH,,5," "," ",41.620,H,,L,N,2,0,1,1,A,-,08,22107,,N,E,I,A,A,H,-,D,D,0,,,Y,,Y,,C,02,1,0,0,0,0,0,0,0,1,"- ","- ",40.368999481201172,-122.28475189208984,TEHAMA,UNINCORPORATED,-122.28443145751953,40.369010925292969
92386078,2023,2024-05-09,9130,2023-12-25,1240,019714,,1,1,9,5200,0,2,4,,2,043,"ROAD 99W","LIBERAL AVE",0.00,,Y,A,-,N,,,,,,,,,,Y,1,1,2,2,A,-,12,22450,A,N,D,C,A,A,H,-,A,A,0,,,,,Y,,D,22,0,1,1,0,0,0,0,0,0,"- ","- ",39.881618499755859,-122.19747161865234,TEHAMA,UNINCORPORATED,-122.19742584228516,39.881599426269531
92398225,2024,2024-05-24,9130,2024-05-15,1138,019714,,3,1,9,5200,0,1,1,,2,051,"INTERSTATE 5 NORTHBOUND","BOWMAN ROAD",6706.00,S,N,A,-,Y,TEH,,5," "," ",40.239,H,,R,N,2,0,1,1,A,-,17,21711,,N,E,I,A,A,H,-,A,D,0,,,,,Y,,B,01,1,0,0,0,0,0,0,0,0,"- ","- ",40.34906005859375,-122.28195190429688,TEHAMA,UNINCORPORATED,-122.28205871582031,40.349052429199219
92404553,2024,2024-06-03,9140,2024-05-11,1000,021238,,6,1,1,5203,0,1,3,,2,061,"STATE ROUTE 36 (SR-36)","STATE ROUTE 32 (SR-32)",0.00,,Y,A,-,Y,TEH,,36," "," ",99.930,H,,R,Y,2,0,2,2,A,-,09,21801,B,N,D,C,A,A,H,-,A,A,0,,,,Y,Y,,A,07,1,1,0,0,0,0,0,0,0,"- ","- ",40.279369354248047,-121.42134857177734,TEHAMA,TEHAMA,-121.42128753662109,40.279438018798828
92416050,2024,2024-06-17,9140,2024-06-10,1050,021043,,1,1,1,5203,0,1,3,,2,063,"STATE ROUTE 36","TRAMWAY ROAD",3696.00,E,N,A,-,Y,TEH,,36," ",R,77.154,H,,R,Y,2,0,1,1,A,-,08,22107,,N,E,8,A,A,H,-,A,D,0,,,Y,,Y,,C,02,1,0,0,0,0,0,0,0,1,"- ","- ",40.347560882568359,-121.69786071777344,TEHAMA,TEHAMA,-121.69779968261719,40.347522735595703
92429981,2024,2024-07-03,9130,2024-06-23,1750,022516,,7,2,9,5200,0,3,5,,2,040,"SIERRA VISTA AVE","TRUCKEE AVE",0.00,,Y,A,-,N,,,,,,,,,,Y,2,0,3,2,A,-,09,21802,B,N,D,C,A,A,H,-,A,D,0,,,,,Y,,A,01,1,1,1,0,0,0,0,0,0,"- ","- ",40.043941497802734,-122.19905090332031,TEHAMA,UNINCORPORATED,-122.19905853271484,40.043872833251953
9247599,2021,2021-04-20,5202,2021-04-03,0445,1475,RBPD,6,5,3,5202,0,0,0,,0,005,"AIRPORT BL","KIMBALL RD",52.00,S,N,A,-,N,,,,,,,,,,Y,2,0,1,1,A,-,01,23152,A,N,E,I,A,A,H,-,C,D,0,,,,,Y,Y,A,01,1,0,0,0,0,0,0,0,0,"- ","- ",40.157470703125,-122.25084686279297,TEHAMA,"RED BLUFF",-122.25079345703125,40.157268524169922
9320258,2021,2023-06-17,5202,2021-11-27,1710,0779,RBPD,6,5,3,5202,0,0,0,,0,,"MAIN ST","RIVER PARK WY",0.00,,Y,A,-,N,,,,,,,,,,Y,1,1,0,2,A,-,11,21954,A,N,G,B,D,A,H,-,C,D,0,Y,,,,Y,Y,N,60,0,0,0,1,0,0,0,0,0,"- ","- ",40.172111511230469,-122.23029327392578,TEHAMA,"RED BLUFF",-122.23008728027344,40.172321319580078
9320599,2022,2022-04-22,5202,2022-03-30,2124,0201,RBPD,3,5,3,5202,0,0,0,,0,,"KIMBALL RD","SOUTHPOINTE DR",770.00,E,N,A,-,N,,,,,,,,,,N,1,1,0,2,C,-,18,,,N,G,B,E,A,H,-,D,D,0,Y,,,,Y,,-,"- ",0,0,0,1,0,0,0,0,0,"- ","- ",40.157379150390625,-122.24514007568359,TEHAMA,"RED BLUFF",-122.24244689941406,40.157341003417969
9376566,2021,2021-12-30,5202,2021-11-27,1612,0781,RBPD,6,5,3,5202,0,0,0,,0,,"WILLOW ST","WASHINGTON ST",0.00,,Y,A,-,N,,,,,,,,,,,2,0,1,2,A,-,11,21950,B,N,G,B,D,A,H,-,B,D,0,Y,,,,Y,,N,60,1,0,0,0,1,0,0,0,0,"- ","- ",40.17266845703125,-122.23210144042969,TEHAMA,"RED BLUFF",-122.23219299316406,40.172641754150391
93852084,2024,2024-08-08,9130,2024-07-31,"49  ",020848,,3,3,9,5200,0,3,5,,2,020,"NEWVILLE RD","BUCKHORN RD",9504.00,W,N,A,-,N,,,,,,,,,,Y,2,0,4,1,A,-,01,23152,A,N,E,I,A,A,H,-,D,D,0,,,,,Y,Y,A,07,1,0,3,0,0,0,0,0,0,"- ","- ",39.811168670654297,-122.40489196777344,TEHAMA,UNINCORPORATED,-122.40316772460938,39.812122344970703
9427421,2022,2022-05-09,5202,2022-03-29,2131,818,RBPD,2,5,3,5202,0,0,0,,0,,"MAIN ST","RT 36",0.00,,Y,A,-,Y,TEH,2,36,-,-,41.291,I,5,E,Y,2,0,1,2,D,-,00,,,N,D,C,A,A,H,-,C,A,0,,,,,Y,,-,"- ",1,0,0,0,0,0,0,0,0,"- ","- ",40.176540374755859,-122.23423767089844,TEHAMA,"RED BLUFF",-122.23415374755859,40.176551818847656
94362192,2024,2024-09-13,9130,2024-08-09,1320,020735,,5,1,9,5200,0,3,5,,2,040,"GARDINER FERRY RD","SQUAW HILL RD",208.00,W,N,A,-,N,,,,,,,,,,Y,2,0,5,1,A,-,08,22107,,N,E,8,A,A,H,-,A,D,0,,,,,Y,,A,01,2,3,0,0,0,0,0,0,0,"- ","- ",39.912818908691406,-122.09758758544922,TEHAMA,UNINCORPORATED,-122.09890747070312,39.913341522216797
94376925,2024,2024-08-30,9130,2024-08-11,"850 ",020212,,7,1,9,5200,0,3,5,,2,020,"BLACK BUTTE ROAD","NEWVILLE ROAD",1850.00,N,N,A,-,N,,,,,,,,,,N,2,0,1,1,C,-,18,,,N,H,A,A,A,H,-,A,D,0,,Y,,,Y,,-,"- ",1,0,0,0,0,0,1,0,0,"- ","- ",39.833919525146484,-122.36811828613281,TEHAMA,UNINCORPORATED,-122.36730194091797,39.828838348388672
94391061,2024,2024-09-12,9130,2024-09-05,"600 ",020754,,4,1,9,5200,0,2,4,,2,034,"STATE HIGHWAY 99W","10815 HIGHWAY 99W",0.00,,Y,A,-,N,,,,,,,,,,Y,2,0,1,2,A,-,00,24400,B,N,D,C,A,A,H,-,D,D,0,,,,,Y,,A,01,1,0,0,0,0,0,0,0,0,"- ","- ",40.113021850585938,-122.19245147705078,TEHAMA,UNINCORPORATED,,
94414596,2024,2024-10-01,9130,2024-09-26,"410 ",022647,,4,3,9,5200,0,2,4,,2,034,"STATE HIGHWAY 99W","GYLE RD",0.00,,Y,A,-,Y,,,,,,,,,,Y,2,0,1,2,A,-,09,21802,A,N,D,C,A,A,H,-,C,A,0,,,Y,Y,Y,,G,25,1,0,0,0,0,0,0,0,1,"- ","- ",40.005481719970703,-122.17196655273438,TEHAMA,UNINCORPORATED,-122.17195892333984,40.005477905273438
94427031,2024,2024-10-11,9130,2024-09-21,1950,019110,,6,2,3,5202,0,1,1,,2,051,"INTERSTATE 5 NB","ANTELOPE BLVD",5.00,N,N,A,-,Y,TEH,,5," ",R,26.536,H,,R,N,1,1,0,2,C,-,18,,,F,G,B,E,A,H,-,C,D,0,Y,,,,Y,,-,"- ",0,0,0,1,0,0,0,0,0,"- ","- ",40.180858612060547,-122.22512054443359,TEHAMA,"RED BLUFF",-122.22509765625,40.180870056152344
94437113,2024,2024-10-18,9140,2024-08-10,1415,023790,,6,2,9,5200,0,3,5,,2,060,SR-36,"MPM 95.74 TEH",204.00,W,N,A,-,N,,,,,,,,,,Y,1,1,0,1,B,-,22,,,N,E,I,A,A,H,-,A,D,0,,,,,Y,,-,"- ",0,0,0,0,0,0,0,0,0,"- ","- ",40.320468902587891,-121.45986175537109,TEHAMA,UNINCORPORATED,,
94446092,2024,2024-10-25,9130,2024-10-20,2048,020848,,7,2,9,5200,0,3,5,,2,040,"MARGUERITE AVE","VIOLA AVE",297.00,N,N,A,-,N,,,,,,,,,,Y,2,0,1,1,A,-,01,23152,A,N,E,J,A,A,H,-,D,D,0,,,,,Y,Y,D,22,1,0,0,0,0,0,0,0,0,"- ","- ",39.899791717529297,-122.16931915283203,TEHAMA,UNINCORPORATED,-122.16935729980469,39.899795532226562
94448280,2024,2024-10-29,9130,2024-10-07,"5   ",019680,,1,3,9,5200,0,1,1,,2,052,"INTERSTATE 5 NORTHBOUND","LIBERAL AVE",6336.00,S,N,A,-,Y,TEH,,5," ",R,4.543,H,,R,Y,2,0,5,2,A,-,02,22400,,N,C,C,A,A,H,-,D,D,0,,,,,Y,,A,07,1,4,0,0,0,0,0,0,0,"- ","- ",39.863800048828125,-122.19989776611328,TEHAMA,UNINCORPORATED,-122.19992065429688,39.863800048828125
94480485,2024,2024-11-22,9130,2024-06-12,"350 ",022647,,3,3,9,5200,0,3,5,,2,020,"EVERETT FREEMAN WAY","LIBERAL AVE",750.00,S,N,A,-,N,,,,,,,,,,N,2,0,2,2,A,-,08,22107,,F,B,C,A,A,H,-,C,D,0,,,Y,,Y,,A,01,1,1,0,0,0,0,0,0,2,"- ","- ",39.879261016845703,-122.20060729980469,TEHAMA,UNINCORPORATED,-122.20085906982422,39.879875183105469
94537377,2025,2025-01-14,9130,2025-01-09,1530,020810,,4,2,9,5200,0,1,1,,2,051,"I-5 S/B","HOOKER CREEK RD",4650.00,S,N,A,-,Y,TEH,,5," "," ",35.505,H,,L,Y,2,0,1,1,A,-,03,22350,,N,F,A,A,A,H,-,A,D,0,,,Y,,Y,,C,02,1,0,0,0,0,0,0,0,1,"- ","- ",40.281509399414062,-122.2738037109375,TEHAMA,UNINCORPORATED,-122.27388000488281,40.281478881835938
94566495,2025,2025-02-05,9130,2025-01-29,"418 ",020848,,3,3,9,5200,0,1,1,,2,051,"I-5 N/B","JELLYS FERRY RD",10560.00,N,N,A,-,Y,TEH,,5," "," ",34.273,H,,R,Y,2,0,2,1,A,-,08,22107,,N,E,I,A,A,H,-,D,D,0,,,,Y,Y,,F,26,1,1,0,0,0,0,0,0,0,"- ","- ",40.264480590820312,-122.26640319824219,TEHAMA,UNINCORPORATED,-122.26638031005859,40.264484405517578
94567516,2025,2025-02-06,9130,2025-01-31,2318,022594,,5,3,3,5202,0,1,1,,2,051,"I-5 S/B FROM ADOBE ROAD","ADOBE RD",40.00,S,N,C,-,Y,,,,,,,,,,N,2,0,1,1,A,-,08,22107,,N,E,I,A,B,H,-,C,D,0,,,,,Y,,A,01,1,0,0,0,0,0,0,0,0,"- ","- ",40.191638946533203,-122.23506927490234,TEHAMA,"RED BLUFF",-122.23564147949219,40.192897796630859
94601553,2025,2025-03-18,9130,2025-02-26,1915,022516,,3,2,9,5200,0,2,4,,2,013,"EVERGREEN ROAD","BOWMAN ROAD",0.00,,Y,A,-,N,,,,,,,,,,Y,2,0,2,2,A,-,12,22450,A,N,A,C,A,A,H,-,D,A,0,,,,,Y,,A,01,1,1,0,0,0,0,0,0,0,"- ","- ",40.359889984130859,-122.33571624755859,TEHAMA,UNINCORPORATED,-122.3358154296875,40.359886169433594