CASE_ID,ACCIDENT_YEAR,PROC_DATE,JURIS,COLLISION_DATE,COLLISION_TIME,OFFICER_ID,REPORTING_DISTRICT,DAY_OF_WEEK,CHP_SHIFT,POPULATION,CNTY_CITY_LOC,SPECIAL_COND,BEAT_TYPE,CHP_BEAT_TYPE,CITY_DIVISION_LAPD,CHP_BEAT_CLASS,BEAT_NUMBER,PRIMARY_RD,SECONDARY_RD,DISTANCE,DIRECTION,INTERSECTION,WEATHER_1,WEATHER_2,STATE_HWY_IND,CALTRANS_COUNTY,CALTRANS_DISTRICT,STATE_ROUTE,ROUTE_SUFFIX,POSTMILE_PREFIX,POSTMILE,LOCATION_TYPE,RAMP_INTERSECTION,SIDE_OF_HWY,TOW_AWAY,COLLISION_SEVERITY,NUMBER_KILLED,NUMBER_INJURED,PARTY_COUNT,PRIMARY_COLL_FACTOR,PCF_CODE_OF_VIOL,PCF_VIOL_CATEGORY,PCF_VIOLATION,PCF_VIOL_SUBSECTION,HIT_AND_RUN,TYPE_OF_COLLISION,MVIW,PED_ACTION,ROAD_SURFACE,ROAD_COND_1,ROAD_COND_2,LIGHTING,CONTROL_DEVICE,CHP_ROAD_TYPE,PEDESTRIAN_ACCIDENT,BICYCLE_ACCIDENT,MOTORCYCLE_ACCIDENT,TRUCK_ACCIDENT,NOT_PRIVATE_PROPERTY,ALCOHOL_INVOLVED,STWD_VEHTYPE_AT_FAULT,CHP_VEHTYPE_AT_FAULT,COUNT_SEVERE_INJ,COUNT_VISIBLE_INJ,COUNT_COMPLAINT_PAIN,COUNT_PED_KILLED,COUNT_PED_INJURED,COUNT_BICYCLIST_KILLED,COUNT_BICYCLIST_INJURED,COUNT_MC_KILLED,COUNT_MC_INJURED,PRIMARY_RAMP,SECONDARY_RAMP,LATITUDE,LONGITUDE,COUNTY,CITY,POINT_X,POINT_Y
94604048,2025,2025-03-18,9130,2025-02-02,1615,020158,,7,2,9,5200,0,1,1,,2,051,"I-5 NORTHBOUND","JELLYS FERRY ROAD",8290.00,N,N,B,C,Y,TEH,,5," "," ",33.805,H,,R,Y,1,2,0,1,A,-,01,23152,A,N,F,0,A,B,H,-,A,D,0,,,,,Y,Y,A,07,0,0,0,0,0,0,0,0,0,"- ","- ",40.257999420166016,-122.26383972167969,TEHAMA,UNINCORPORATED,-122.26390838623047,40.257984161376953
94604098,2025,2025-03-18,9130,2025-02-14,1441,020754,,5,2,9,5200,0,3,5,,2,020,"RAWSON ROAD","GYLE ROAD",0.00,,Y,A,-,N,,,,,,,,,,Y,1,1,2,2,A,-,12,22450,A,N,D,2,A,A,H,-,A,A,0,,,,,Y,,A,01,1,0,1,0,0,0,0,0,0,"- ","- ",40.000888824462891,-122.22527313232422,TEHAMA,UNINCORPORATED,-122.22527313232422,40.000888824462891
94652386,2025,2025-05-16,9140,2025-03-14,1754,016169,,5,2,9,5200,0,1,3,,2,062,SR-32,SR-36,8448.00,W,N,B,D,Y,TEH,,32," "," ",23.161,H,,R,Y,1,1,1,1,C,-,18,,,N,E,I,A,B,H,-,A,D,0,,,,,Y,,-,"- ",1,0,0,0,0,0,0,0,0,"- ","- ",40.266990661621094,-121.44777679443359,TEHAMA,UNINCORPORATED,-121.44779968261719,40.26702880859375
94656839,2025,2025-04-21,9130,2025-01-29,1725,021874,,3,2,9,5200,0,2,4,,2,013,"BOWMAN ROAD","KEEPER WAY",95.00,W,N,A,-,N,,,,,,,,,,Y,1,1,0,1,A,-,01,23152,A,N,E,8,A,A,H,-,B,D,0,,,,,Y,Y,A,01,0,0,0,0,0,0,0,0,0,"- ","- ",40.330799102783203,-122.40667724609375,TEHAMA,UNINCORPORATED,-122.41725158691406,40.328746795654297
9466553,2022,2023-01-20,5202,2022-12-28,1247,1567,RBPD,3,5,3,5202,0,0,0,,0,,"MAIN ST","RT 36",0.00,,Y,B,-,Y,TEH,2,36,-,R,41.207,I,5,W,Y,2,0,1,2,A,-,09,21800,A,N,D,C,A,B,H,-,A,A,0,,,,,Y,,D,22,1,0,0,0,0,0,0,0,0,"- ","- ",40.198448181152344,-122.24234771728516,TEHAMA,"RED BLUFF",-122.24237060546875,40.198493957519531
94716152,2025,2025-06-06,9130,2025-05-01,"850 ",020810,,4,1,9,5200,0,2,4,,2,034,"HIGHWAY 99W","RIVERSIDE AVENUE",25.00,N,N,A,-,N,,,,,,,,,,Y,1,1,1,2,A,-,05,21460,A,N,A,C,A,A,H,-,A,D,0,,,,Y,Y,,A,01,0,0,1,0,0,0,0,0,0,"- ","- ",40.140018463134766,-122.21099090576172,TEHAMA,UNINCORPORATED,-122.21092224121094,40.140029907226562
94738082,2025,2025-06-24,9130,2025-04-12,"115 ",022647,,6,3,9,5200,0,1,3,,1,041,"STATE ROUTE 99","SOUTH AVENUE",2685.00,N,N,A,-,Y,TEH,,99," "," ",4.983,H,,R,Y,1,1,0,1,A,-,01,23152,A,N,E,I,A,A,H,-,D,D,0,,,,,Y,Y,A,07,0,0,0,0,0,0,0,0,0,"- ","- ",39.936878204345703,-122.03952789306641,TEHAMA,UNINCORPORATED,-122.03950500488281,39.936912536621094
94742231,2024,2025-06-27,9130,2024-10-15,1348,021061,,2,1,9,5200,0,1,3,,1,041,"STATE ROUTE 99","TEHAMA AND VINA ROAD",538.00,N,N,A,-,Y,TEH,,99," "," ",7.025,H,,R,Y,1,2,2,3,A,-,01,23152,A,F,B,C,A,A,H,-,A,D,0,,,,,Y,Y,A,07,0,2,0,0,0,0,0,0,0,"- ","- ",39.959560394287109,-122.06257629394531,TEHAMA,UNINCORPORATED,-122.06257629394531,39.959568023681641
94768670,2025,2025-07-18,9130,2025-05-18,1950,021588,,7,2,9,5200,0,3,5,,2,020,"NEWVILLE ROAD","WACKERMAN ROAD",6336.00,N,N,A,-,N,,,,,,,,,,Y,1,1,0,1,A,-,08,22107,,N,F,0,A,A,H,-,A,D,0,,,Y,,Y,,C,02,0,0,0,0,0,0,0,1,0,"- ","- ",39.81964111328125,-122.32623291015625,TEHAMA,UNINCORPORATED,-122.31953430175781,39.798683166503906
94772948,2025,2025-07-22,9140,2025-04-21,"923 ",021238,,1,1,9,5200,0,3,5,,2,060,"PONDEROSA WAY","FOREST ROUTE 28N71",3168.00,S,N,A,-,N,,,,,,,,,,Y,1,1,0,1,A,-,08,22107,,N,E,9,A,A,H,-,A,D,0,,,,Y,Y,,F,27,0,0,0,0,0,0,0,0,0,"- ","- ",40.262340545654297,-121.77234649658203,TEHAMA,UNINCORPORATED,,
9511550,2022,2022-12-30,5202,2022-11-29,1900,1017,RBPD,2,5,3,5202,0,0,0,,0,,"MONROE ST","BRECKENRIDGE ST",110.00,S,N,A,-,N,,,,,,,,,,N,2,0,1,1,A,-,03,22350,,N,E,I,A,A,H,-,C,D,0,,,Y,,Y,,C,02,1,0,0,0,0,0,0,0,1,"- ","- ",40.181659698486328,-122.24436950683594,TEHAMA,"RED BLUFF",-122.24423217773438,40.181388854980469
9532561,2022,2022-12-14,5202,2022-11-09,2041,1567,RBPD,3,5,3,5202,0,0,0,,0,,"SOUTH MAIN ST","LUTHER RD",436.00,N,N,B,-,N,,,,,,,,,,N,2,0,1,2,A,-,11,21950,B,N,G,B,D,A,H,-,C,A,0,Y,,,,Y,,N,60,1,0,0,0,1,0,0,0,0,"- ","- ",,,TEHAMA,"RED BLUFF",-122.22797393798828,40.162353515625
9532874,2022,2022-12-15,5202,2022-11-09,1713,1567,RBPD,3,5,3,5202,0,0,0,,0,,"MAIN ST","RIVER PARK WY",0.00,,Y,B,-,N,,,,,,,,,,N,2,0,1,2,A,-,10,21950,A,N,G,B,B,A,H,-,B,D,0,Y,,,,Y,,I,11,1,0,0,0,1,0,0,0,0,"- ","- ",,,TEHAMA,"RED BLUFF",-122.23008728027344,40.172321319580078
9536004,2022,2022-12-23,5202,2022-11-21,1909,1567,RBPD,1,5,3,5202,0,0,0,,0,,"RT 36","DAMON AV",52.00,E,N,A,-,Y,TEH,2,36,-,-,42.630,H,-,E,N,2,0,1,2,A,-,11,21950,B,N,G,B,D,A,H,-,C,D,0,Y,,,,Y,,N,60,1,0,0,0,1,0,0,0,0,"- ","- ",,,TEHAMA,"RED BLUFF",-122.21212005615234,40.185985565185547
9582952,2023,2023-07-14,5202,2023-05-22,2326,1930,RBPD,1,5,3,5202,0,0,0,,0,,"RT 36","GILMORE RD",0.00,,Y,A,-,Y,TEH,2,36,-,-,41.670,I,5,E,N,2,0,1,2,A,-,12,21453,A,N,D,C,A,A,H,-,C,A,0,,,Y,,Y,,C,02,1,0,0,0,0,0,0,0,1,"- ","- ",40.179161071777344,-122.22830963134766,TEHAMA,"RED BLUFF",-122.22811126708984,40.179351806640625
9643687,2023,2023-12-21,5202,2023-11-06,1446,0201,RBPD,1,5,3,5202,0,0,0,,0,5202,"WALNUT ST","LARIE LN",206.00,W,N,A,-,N,,,,,,,,,,Y,2,0,1,2,A,-,09,21801,A,N,D,C,A,A,H,-,A,D,0,,,Y,Y,Y,,F,25,1,0,0,0,0,0,0,0,1,"- ","- ",40.168380737304688,-122.25821685791016,TEHAMA,"RED BLUFF",-122.25894927978516,40.168376922607422
9751389,2024,2024-11-22,5202,2024-10-22,1856,2520,RBPD,2,5,3,5202,0,0,0,,0,,"RT 36","RIO ST",740.00,E,N,A,-,Y,TEH,2,36,-,-,41.490,H,-,E,Y,1,1,0,2,A,-,11,21954,A,N,G,B,E,A,H,-,C,D,0,Y,,,,Y,,N,60,0,0,0,1,0,0,0,0,0,"- ","- ",40.177150726318359,-122.23301696777344,TEHAMA,"RED BLUFF",-122.23096466064453,40.178089141845703
9764091,2024,2025-01-28,5202,2024-12-31,"716 ",0201,RBPD,2,5,3,5202,0,0,0,,0,5202,"S MAIN ST","SUTTER ST",377.00,N,N,A,-,N,,,,,,,,,,N,2,0,1,1,A,-,03,22350,,N,E,I,A,A,H,-,D,D,0,,,,,Y,,A,01,1,0,0,0,0,0,0,0,0,"- ","- ",,,TEHAMA,"RED BLUFF",-122.22127532958984,40.154247283935547
6290608,2014,2014-06-02,9130,2014-05-08,1449,15565,,4,2,9,5200,0,2,4,,2,043,"RT 99","CHARD AV",1584.00,S,N,B,-,N,,,,,,,,,,Y,1,1,0,1,A,-,08,22107,,N,E,I,A,A,H,-,A,D,0,,,,Y,Y,,F,27,0,0,0,0,0,0,0,0,0,"- ","- ",40.066029999999998,-122.17019999999999,TEHAMA,UNINCORPORATED,-122.17013597,40.064516419999997
6290723,2014,2014-06-12,9130,2014-05-21,1357,15565,,3,1,9,5200,0,1,3,,1,012,"RT 36","EASTERBUNNY DR",34.00,E,N,A,-,Y,TEH,2,36,-,-,26.900,H,-,E,Y,1,1,0,1,A,-,08,22107,,N,F,A,A,A,H,-,A,D,0,,,Y,,Y,,C,02,0,0,0,0,0,0,0,1,0,"- ","- ",40.244750000000003,-122.46245999999999,TEHAMA,UNINCORPORATED,-122.46166062,40.244139439999998
6291576,2014,2014-11-07,9130,2014-10-09,1226,017070,,4,1,9,5200,0,2,4,,2,042,"SOUTH AV","STEPHENS RD",111.00,W,N,A,-,N,,,,,,,,,,Y,1,1,0,1,A,-,08,22107,,N,E,I,A,A,H,-,A,D,0,,,,,Y,,A,07,0,0,0,0,0,0,0,0,0,"- ","- ",39.921959999999999,-122.05477999999999,TEHAMA,UNINCORPORATED,-122.05472736999999,39.921816460000002
6291758,2014,2015-12-28,9130,2014-11-02,0300,14975,,7,3,9,5200,0,3,5,,2,020,"RAWSON RD","TEHAMA AV",4752.00,S,N,B,-,N,,,,,,,,,,Y,1,2,0,1,A,-,08,22107,,N,E,I,A,A,H,-,D,D,0,,,,,Y,Y,A,01,0,0,0,0,0,0,0,0,0,"- ","- ",40.009999999999998,-122.22539999999999,TEHAMA,UNINCORPORATED,-122.22533263,40.016164240000002
6409058,2014,2014-07-01,9130,2014-03-11,0750,015225,,2,1,9,5200,0,3,5,,2,020,"BARHAM AV","O AV",49.00,N,N,A,-,N,,,,,,,,,,Y,2,0,1,2,A,-,09,21801,A,N,A,C,A,A,H,-,A,D,0,,,,,Y,,A,01,1,0,0,0,0,0,0,0,0,"- ","- ",39.932000000000002,-122.20269999999999,TEHAMA,UNINCORPORATED,-122.20275220000001,39.93186386
6508941,2014,2014-07-31,9130,2014-05-18,1813,13996,,7,2,9,5200,0,2,4,,2,013,"BOWMAN RD","LANDES RD",1056.00,W,N,A,-,N,,,,,,,,,,N,2,0,1,1,A,-,21,22106,,N,F,A,A,A,H,-,A,D,0,,,Y,,Y,,C,06,1,0,0,0,0,0,0,0,1,"- ","- ",40.342799999999997,-122.3552,TEHAMA,UNINCORPORATED,-122.35657096,40.341273690000001
6559956,2014,2016-04-26,9130,2014-07-02,0650,17334,,3,1,9,5200,0,1,1,,2,052,"RT 5","CHARD AV",4752.00,S,N,A,-,Y,TEH,2,5,-,R,17.810,H,-,N,Y,2,0,4,1,A,-,08,22107,,N,F,A,A,A,H,-,A,D,1,,,,,Y,,A,01,1,3,0,0,0,0,0,0,0,"- ","- ",40.056829999999998,-122.21486,TEHAMA,UNINCORPORATED,-122.21473591,40.055462489999996
6579858,2014,2014-08-28,9130,2014-07-19,2040,17070,,6,2,9,5200,0,3,5,,2,030,"LAKE CALIFORNIA DR","MAIN ST",13200.00,E,N,A,-,N,,,,,,,,,,Y,2,0,1,1,A,-,01,23152,A,N,E,I,A,A,H,-,B,D,0,,,,,Y,Y,A,07,1,0,0,0,0,0,0,0,0,"- ","- ",40.368049999999997,-122.24599000000001,TEHAMA,UNINCORPORATED,-122.24616064,40.36792243
6628685,2014,2016-04-25,9130,2014-09-04,0115,014975,,4,3,9,5200,0,1,1,,2,051,"RT 5","HOOKER CREEK RD",7920.00,S,N,A,-,Y,TEH,2,5,-,-,34.650,H,-,N,Y,2,0,2,2,A,-,01,23152,A,N,A,C,A,A,H,-,D,D,1,,,,,Y,Y,A,01,1,1,0,0,0,0,0,0,0,"- ","- ",40.288600000000002,-122.2782,TEHAMA,UNINCORPORATED,-122.26845785,40.269969840000002
6680062,2014,2014-12-23,5202,2014-10-16,1141,1650,RBPD,4,5,3,5202,0,0,0,,0,004,"SOUTH MAIN ST","FISH ST",90.00,S,N,A,-,N,,,,,,,,,,N,2,0,1,2,A,-,05,21650,1,N,D,G,A,A,H,-,A,D,0,,Y,,,Y,,L,04,1,0,0,0,0,0,1,0,0,"- ","- ",,,TEHAMA,"RED BLUFF",,
6686533,2014,2016-06-16,9130,2014-10-24,1510,016408,,5,2,9,5200,0,3,5,,2,040,"GYLE RD","RT 5",20.00,W,N,A,-,Y,TEH,2,5,-,R,13.767,R,4,N,Y,2,0,4,2,A,-,09,21802,A,N,D,C,A,A,H,-,A,A,1,,,,,Y,,A,01,1,1,2,0,0,0,0,0,0,"- ",NF,40.000100000000003,-122.2039,TEHAMA,UNINCORPORATED,-122.20525133,39.997329450000002
6718395,2015,2017-04-20,9130,2015-01-28,1930,16355,,3,2,9,5200,0,3,5,,2,010,"PLYMIRE RD","MENDENHALL RD",965.00,E,N,A,-,N,,,,,,,,,,Y,1,1,2,2,-,-,"- ",,,N,D,C,A,A,H,-,D,D,0,,,,,Y,Y,-,"- ",1,1,0,0,0,0,0,0,0,"- ","- ",40.201099999999997,-122.2811,TEHAMA,UNINCORPORATED,-122.28084429,40.201149090000001
6718482,2014,2015-12-28,9130,2014-11-03,1925,15400,,1,2,9,5200,0,1,1,,2,052,"RT 5","SOUR GRASS CRK",3168.00,S,N,A,-,Y,TEH,2,5,-,R,1.670,H,-,N,Y,1,1,0,3,A,-,03,22350,,N,C,C,A,A,H,-,D,D,1,,,,Y,Y,,A,01,0,0,0,0,0,0,0,0,0,"- ","- ",39.824399999999997,-122.2,TEHAMA,UNINCORPORATED,-122.19979475,39.822193949999999
6828888,2015,2016-09-07,5202,2015-01-28,1847,715,RBPD,3,5,3,5202,0,0,0,,0,001,"RT 36","CENTER AV",521.00,W,N,A,-,Y,TEH,2,36,-,-,41.570,H,-,W,N,2,0,1,2,A,-,11,21956,A,N,A,B,D,A,H,-,C,D,0,Y,,,,Y,,N,60,1,0,0,0,1,0,0,0,0,"- ","- ",,,TEHAMA,"RED BLUFF",-122.22930587,40.178820450000003
6840294,2015,2015-07-13,9130,2015-03-02,1850,015681,,1,2,9,5200,0,3,5,,2,040,"HALL RD","LOLITA AV",620.00,N,N,A,-,N,,,,,,,,,,N,1,1,0,2,A,-,11,21956,,N,G,B,E,A,H,-,D,D,0,Y,,,Y,Y,,N,60,0,0,0,1,0,0,0,0,0,"- ","- ",39.916150000000002,-122.12333,TEHAMA,UNINCORPORATED,-122.12328657,39.916052540000003
6846214,2015,2016-09-07,9140,2015-01-25,1451,016732,,7,2,9,5200,0,1,3,,2,063,"RT 36","TRAMWAY RD",3696.00,E,N,A,-,Y,TRI,2,36,-,-,77.390,H,-,E,N,2,0,1,1,A,-,03,22350,,N,E,I,A,A,H,-,A,D,0,,,Y,,Y,,C,02,1,0,0,0,0,0,0,0,1,"- ","- ",,,TEHAMA,UNINCORPORATED,-121.69814181,40.347228209999997
6946432,2015,2015-09-02,9130,2015-06-04,1330,017227,,4,1,9,5200,0,3,5,,2,020,"PASKENTA RD","CORNING RD",426.00,W,N,A,-,N,,,,,,,,,,Y,1,1,0,1,A,-,08,22107,,N,E,I,A,A,H,-,A,D,0,,,,,Y,,D,23,0,0,0,0,0,0,0,0,0,"- ","- ",40.058950000000003,-122.21568000000001,TEHAMA,UNINCORPORATED,-122.44039152000001,39.920450879999997
6959367,2015,2015-07-15,9130,2015-06-02,1214,15225,,2,1,9,5200,0,3,5,,2,010,"BOWMAN RD","DRAPER RD",375.00,W,N,A,-,N,,,,,,,,,,Y,2,0,2,2,A,-,05,21460,C,N,B,C,A,A,H,-,A,D,0,,,,,Y,,A,08,1,0,1,0,0,0,0,0,0,"- ","- ",40.367100000000001,-122.29470000000001,TEHAMA,UNINCORPORATED,-122.29518188,40.366886970000003
7000399,2015,2015-08-03,5202,2015-05-27,0120,1115,,3,5,3,5202,0,0,0,,0,,"S MAIN ST","BREARCLIFFE AV",629.00,N,N,A,-,N,,,,,,,,,,N,2,0,1,2,A,-,08,22107,,N,-,-,A,A,-,-,C,-,0,,Y,,,Y,,A,01,1,0,0,0,0,0,1,0,0,"- ","- ",,,TEHAMA,"RED BLUFF",-122.22864524000001,40.169926850000003
7203820,2016,2017-02-03,5202,2016-02-18,1905,2290,RBPD,4,5,3,5202,0,0,0,,0,005,"RT 36","MILE MARKER 36 THE 40 50",143.00,W,N,A,-,Y,TEH,2,36,-,-,40.530,H,-,E,Y,2,0,1,1,A,-,01,23152,A,N,F,I,A,A,H,-,D,D,0,,,,,Y,Y,A,01,1,0,0,0,0,0,0,0,0,"- ","- ",,,TEHAMA,"RED BLUFF",-122.25237728,40.2049144
8180406,2016,2017-02-15,5202,2016-10-28,1555,1015,RBPD,5,5,3,5202,0,0,0,,0,,"RT 36","ADOBE RD",240.00,N,N,C,-,Y,TEH,2,36,-,L,40.270,H,-,E,Y,2,0,1,2,A,-,09,21801,A,N,A,C,A,B,H,-,A,D,0,,,,,Y,,D,22,1,0,0,0,0,0,0,0,0,"- ","- ",,,TEHAMA,"RED BLUFF",-122.23946347,40.190587110000003
8386923,2017,2018-05-09,5202,2017-07-01,2204,1380,RBPD,6,5,3,5202,0,0,0,,0,,"RT 36","SALE LN",14.00,W,N,A,-,Y,TEH,2,36,-,-,42.180,I,5,E,Y,2,0,1,2,A,-,12,21453,A,N,D,G,A,A,H,-,C,A,0,,Y,,,Y,,L,04,1,0,0,0,0,0,1,0,0,"- ","- ",,,TEHAMA,"RED BLUFF",-122.21947994999999,40.183170169999997
8459616,2017,2017-10-03,5202,2017-09-23,1402,818,RBPD,6,5,3,5202,0,0,0,,0,003,"WALNUT ST","JACKSON ST",118.00,W,N,A,-,N,,,,,,,,,,N,2,0,1,2,A,-,03,22350,,N,C,C,A,A,H,-,A,D,0,,,Y,,Y,,C,02,1,0,0,0,0,0,0,0,1,"- ","- ",40.175750000000001,-122.241,TEHAMA,"RED BLUFF",-122.24130586,40.175575430000002
8540953,2018,2018-08-02,5202,2018-01-22,1507,2300,RBPD,1,5,3,5202,0,0,0,,0,,"RT 36","RT 5",0.00,,N,B,-,Y,TEH,2,5,-,R,26.328,R,1,N,N,2,0,1,2,A,-,10,21950,A,N,G,B,B,A,H,-,A,A,0,Y,,,,Y,,D,22,1,0,0,0,1,0,0,0,0,"- ",NF,,,TEHAMA,"RED BLUFF",-122.223708,40.181204000000001
8678190,2018,2018-10-05,5202,2018-07-28,1409,818,RBPD,6,5,3,5202,0,0,0,,0,005,"VISTA WY","TRAINOR ST",0.00,,Y,A,-,N,,,,,,,,,,Y,2,0,1,2,A,-,01,23153,A,N,H,C,A,A,H,-,A,D,0,,,Y,,Y,Y,A,01,1,0,0,0,0,0,0,0,1,"- ","- ",40.153751373291016,-122.24403381347656,TEHAMA,"RED BLUFF",-122.24411773681641,40.153709411621094
90005484,2015,2015-10-19,9130,2015-07-16,1835,017562,,4,2,9,5200,0,1,3,,1,032,SR-36,"BATTLE CREEK VISTA POINT",50.00,E,N,A,-,Y,,,36,,,,,,,Y,2,0,2,1,C,-,18,,,N,H,A,A,A,H,-,A,D,0,,,,,Y,,-,"- ",1,1,0,0,0,0,0,0,0,"- ","- ",40.35069,-121.77861,TEHAMA,UNINCORPORATED,-121.77860767,40.350699179999999
90008992,2015,2015-10-19,9130,2015-08-09,1800,016355,,7,2,9,5200,0,1,1,,2,052,"INTERSTATE 5 NORTHBOUND","THOMES CREEK",2112.00,N,N,A,-,Y,,,,,,,,,,Y,1,1,0,1,D,-,00,,,N,E,I,A,A,H,-,A,D,0,,,,,Y,,-,"- ",0,0,0,0,0,0,0,0,0,"- ","- ",40.000529999999998,-122.13517,TEHAMA,UNINCORPORATED,,
90012843,2015,2015-10-19,9130,2015-08-23,1100,013996,,7,1,9,5200,0,3,5,,2,010,"EVERGREEN ROAD","OLD GOLD ROAD",2112.00,W,N,A,-,N,,,,,,,,,,Y,2,0,1,2,A,-,09,21804,A,N,D,C,A,A,H,-,A,D,0,,,Y,,Y,,D,22,1,0,0,0,0,0,0,0,1,"- ","- ",40.361699999999999,-122.40691,TEHAMA,UNINCORPORATED,-122.40691,40.361699999999999
90018392,2015,2015-10-19,9140,2015-09-09,1810,016732,,3,2,9,5200,0,1,3,,2,051,SR-32,"SLATE CREEK O/C",10560.00,W,N,A,-,Y,,,,,,,,,,Y,1,1,0,1,A,-,08,22107,,N,E,I,A,A,H,-,A,D,0,,,,,Y,,A,07,0,0,0,0,0,0,0,0,0,"- ","- ",,,TEHAMA,UNINCORPORATED,,
90023933,2015,2015-10-19,9130,2015-09-22,1900,015225,,2,2,9,5200,0,3,5,,2,040,"MERRILL RD","HARDEN AVE",400.00,E,N,A,-,N,,,,,,,,,,N,2,0,1,2,A,-,11,21956,,N,G,B,E,A,H,-,B,D,0,Y,,,,Y,,N,60,1,0,0,0,1,0,0,0,0,"- ","- ",39.883699999999997,-122.1096,TEHAMA,UNINCORPORATED,-122.11175425,39.884620230000003
90026121,2015,2015-10-19,9130,2015-09-14,0655,015225,,1,1,9,5200,0,3,5,,2,040,"EDITH AVENUE","GALLAGHER AVENUE",0.00,,Y,A,-,N,,,,,,,,,,Y,1,1,1,2,A,-,12,22450,A,N,D,C,A,A,H,-,A,A,0,,,,,Y,,D,22,0,1,0,0,0,0,0,0,0,"- ","- ",39.942520000000002,-122.19752,TEHAMA,UNINCORPORATED,-122.19751988,39.942499980000001
90059810,2015,2015-11-25,9130,2015-11-17,1055,013996,,2,1,9,5200,0,3,5,,2,010,"HOOKER CREEK ROAD","OAK HOLLOW DRIVE",1056.00,E,N,B,-,N,,,,,,,,,,Y,2,0,1,1,A,-,08,22107,,N,E,I,A,A,H,-,A,D,0,,,,,Y,,A,01,1,0,0,0,0,0,0,0,0,"- ","- ",40.266889999999997,-122.30817999999999,TEHAMA,UNINCORPORATED,-122.30816903,40.296936619999997
90096101,2016,2016-01-15,9130,2016-01-08,0528,015829,,5,3,9,5200,0,1,3,,1,031,"S.R. 99E","CRAIG CREEK",393.00,N,N,B,-,Y,,,,,,,,,,Y,1,1,0,2,A,-,11,21954,A,N,G,B,D,B,H,-,D,D,0,Y,,,,Y,Y,N,60,0,0,0,1,0,0,0,0,0,"- ","- ",40.14866,-122.13897,TEHAMA,UNINCORPORATED,,
90112117,2016,2016-02-09,9130,2016-02-04,1955,016447,,4,2,3,5202,0,1,1,,2,051,"INTERSTATE 5 (I-5) S/B TO S. MAIN ST","SOUTH MAIN STREET",1000.00,S,N,A,-,Y,,,5,,,,R,,S,Y,2,0,2,1,A,-,01,23152,E,N,E,I,A,A,H,-,C,D,0,,,,,Y,,A,01,1,1,0,0,0,0,0,0,0,"- ","- ",40.155679999999997,-122.22443,TEHAMA,"RED BLUFF",-122.22443,40.155679999999997
90181302,2016,2016-05-17,9130,2016-05-08,0205,015829,,7,3,9,5200,0,2,4,,2,013,"BOWMAN RD","BYWOOD RD",50.00,W,N,B,-,N,,,,,,,,,,Y,1,1,1,1,A,-,01,23152,A,N,E,I,A,B,H,-,D,D,0,,,,,Y,Y,A,01,0,0,1,0,0,0,0,0,0,"- ","- ",40.338529999999999,-122.3599,TEHAMA,UNINCORPORATED,-122.35961748,40.338670739999998
90212318,2016,2016-06-29,9130,2016-06-21,0450,016355,,2,3,9,5200,0,2,4,,2,034,"ROAD 99W","TYLER ROAD",50.00,N,N,A,-,N,,,,,,,,,,Y,1,1,1,2,A,-,09,21801,A,N,A,C,A,A,H,-,D,D,0,,,,,Y,,A,01,0,1,0,0,0,0,0,0,0,"- ","- ",40.133690000000001,-122.20572,TEHAMA,UNINCORPORATED,-122.20650369000001,40.133651350000001
90217951,2016,2016-07-07,9140,2016-06-16,1300,015686,,4,1,9,5200,0,1,3,,2,061,"STATE ROUTE 36","STATE ROUTE 32",10560.00,E,N,B,-,Y,,,36,,,,,,,Y,1,1,0,1,A,-,08,22107,,N,E,I,A,A,H,-,A,D,0,,,,,Y,,A,01,0,0,0,0,0,0,0,0,0,"- ","- ",40.259680000000003,-121.3942,TEHAMA,UNINCORPORATED,-121.39420478,40.259659460000002
90245547,2016,2016-12-20,9140,2016-08-02,1230,015598,,2,1,9,5200,0,1,3,,2,062,"STATE ROUTE 32","LOWER ALDER CREEK BRIDGE",8131.00,E,N,A,-,Y,,,,,,,,,,Y,1,1,1,1,A,-,03,22350,,N,E,I,A,A,H,-,A,D,0,,,,,Y,,A,01,0,1,0,0,0,0,0,0,0,"- ","- ",,,TEHAMA,UNINCORPORATED,,
90247578,2016,2016-08-18,9130,2016-08-06,1715,016447,,6,2,9,5200,0,3,5,,2,040,"GERBER ROAD",99W,0.00,,Y,A,-,N,,,,,,,,,,Y,2,0,1,2,A,-,09,21802,A,N,D,C,A,A,H,-,A,A,0,,,,,Y,,D,22,1,0,0,0,0,0,0,0,0,"- ","- ",40.047409999999999,-122.17043,TEHAMA,UNINCORPORATED,-122.17044353,40.047380660000002
90257643,2016,2016-08-31,9130,2016-08-20,1615,015667,,6,2,9,5200,0,3,5,,2,040,"GERBER RD","ROAD 99W",895.00,W,N,A,-,N,,,,,,,,,,Y,2,0,1,1,A,-,01,23152,E,N,E,I,A,A,H,-,A,D,0,,,,,Y,,D,22,1,0,0,0,0,0,0,0,0,"- ","- ",40.047469999999997,-122.17466,TEHAMA,UNINCORPORATED,-122.17369616000001,40.04738751
90279332,2016,2016-09-29,9130,2016-09-16,1140,015667,,5,1,9,5200,0,3,5,,2,010,"HOOKER CREEK RD","OAK HOLLOW DR",485.00,W,N,A,-,N,,,,,,,,,,Y,2,0,2,1,A,-,01,23152,A,N,E,I,A,A,H,-,A,D,0,,,,,Y,Y,D,22,1,1,0,0,0,0,0,0,0,"- ","- ",40.298259999999999,-122.31337000000001,TEHAMA,UNINCORPORATED,-122.3133892,40.298307180000002