CASE_ID,ACCIDENT_YEAR,PROC_DATE,JURIS,COLLISION_DATE,COLLISION_TIME,OFFICER_ID,REPORTING_DISTRICT,DAY_OF_WEEK,CHP_SHIFT,POPULATION,CNTY_CITY_LOC,SPECIAL_COND,BEAT_TYPE,CHP_BEAT_TYPE,CITY_DIVISION_LAPD,CHP_BEAT_CLASS,BEAT_NUMBER,PRIMARY_RD,SECONDARY_RD,DISTANCE,DIRECTION,INTERSECTION,WEATHER_1,WEATHER_2,STATE_HWY_IND,CALTRANS_COUNTY,CALTRANS_DISTRICT,STATE_ROUTE,ROUTE_SUFFIX,POSTMILE_PREFIX,POSTMILE,LOCATION_TYPE,RAMP_INTERSECTION,SIDE_OF_HWY,TOW_AWAY,COLLISION_SEVERITY,NUMBER_KILLED,NUMBER_INJURED,PARTY_COUNT,PRIMARY_COLL_FACTOR,PCF_CODE_OF_VIOL,PCF_VIOL_CATEGORY,PCF_VIOLATION,PCF_VIOL_SUBSECTION,HIT_AND_RUN,TYPE_OF_COLLISION,MVIW,PED_ACTION,ROAD_SURFACE,ROAD_COND_1,ROAD_COND_2,LIGHTING,CONTROL_DEVICE,CHP_ROAD_TYPE,PEDESTRIAN_ACCIDENT,BICYCLE_ACCIDENT,MOTORCYCLE_ACCIDENT,TRUCK_ACCIDENT,NOT_PRIVATE_PROPERTY,ALCOHOL_INVOLVED,STWD_VEHTYPE_AT_FAULT,CHP_VEHTYPE_AT_FAULT,COUNT_SEVERE_INJ,COUNT_VISIBLE_INJ,COUNT_COMPLAINT_PAIN,COUNT_PED_KILLED,COUNT_PED_INJURED,COUNT_BICYCLIST_KILLED,COUNT_BICYCLIST_INJURED,COUNT_MC_KILLED,COUNT_MC_INJURED,PRIMARY_RAMP,SECONDARY_RAMP,LATITUDE,LONGITUDE,COUNTY,CITY,POINT_X,POINT_Y
90320156,2016,2016-11-15,9130,2016-11-05,1555,016447,,6,2,9,5200,0,3,5,,2,040,"HALL ROAD","OLIVEWOOD AVENUE",6864.00,E,N,A,-,N,,,,,,,,,,Y,2,0,1,1,A,-,08,22107,,N,E,I,A,A,H,-,A,D,0,,,,,Y,,A,01,1,0,0,0,0,0,0,0,0,"- ","- ",39.864980000000003,-122.12519,TEHAMA,UNINCORPORATED,-122.12514818,39.864923650000001
90333306,2016,2016-12-27,9130,2016-11-18,0705,018812,,5,1,9,5200,0,3,5,,2,040,"GYLE RD","ROAD 99W",890.00,W,N,B,-,N,,,,,,,,,,Y,1,1,1,2,A,-,08,22107,,N,A,E,A,A,H,-,A,D,0,,,,Y,Y,,D,22,0,0,1,0,0,0,0,0,0,"- ","- ",40.003999999999998,-122.17956,TEHAMA,UNINCORPORATED,-122.17503125,40.004906269999999
90386706,2017,2017-02-06,9130,2017-01-29,0000,020975,,7,3,9,5200,0,1,1,,2,051,"I-5 N/B","HOOKER CREEK RD",9504.00,S,N,A,-,Y,,,5,,,,,,N,Y,2,0,1,1,A,-,01,23152,A,N,E,I,A,A,H,-,D,D,0,,,,,Y,Y,D,22,1,0,0,0,0,0,0,0,0,"- ","- ",40.267760000000003,-122.26765,TEHAMA,UNINCORPORATED,-122.26762218,40.267770599999999
90407407,2017,2017-03-07,9130,2017-02-26,1128,015565,,7,1,9,5200,0,1,3,,1,041,SR-99,"LAKE DRAW",279.00,N,N,A,-,Y,,,99,,,,,,,Y,2,0,3,2,A,-,08,22107,,N,E,I,A,A,H,-,A,D,0,,,,,Y,,A,08,2,0,1,0,0,0,0,0,0,"- ","- ",39.909390000000002,-122.0072,TEHAMA,UNINCORPORATED,-122.00723863,39.909344480000001
90413773,2017,2017-03-16,9130,2017-03-08,2035,016355,,3,2,9,5200,0,2,4,,2,043,"ROAD 99W","ORANGEWOOD RD",810.00,N,N,A,-,N,,,,,,,,,,Y,2,0,4,2,A,-,03,22350,,N,C,C,A,A,H,-,D,A,0,,,,,Y,,A,01,3,0,1,0,0,0,0,0,0,"- ","- ",39.95279,-122.17919000000001,TEHAMA,UNINCORPORATED,-122.17859213,39.96314667
90446521,2017,2017-05-01,9130,2017-04-16,0225,016447,,7,3,9,5200,0,1,1,,2,052,"INTERSTATE 5 (I-5) S/B","SOUR GRASS ROAD",600.00,N,N,A,-,Y,,,5,,,,,,S,Y,2,0,4,3,A,-,03,22350,,N,B,C,A,A,H,-,D,D,0,,,,,Y,Y,A,08,2,2,0,0,0,0,0,0,0,"- ","- ",39.849769999999999,-122.20026,TEHAMA,UNINCORPORATED,-122.20016891,39.849770239999998
90446797,2017,2017-05-01,9130,2017-04-22,0950,015667,,6,1,9,5200,0,2,4,,2,042,"SOUTH AVE.","WOODSON AVE.",106.00,W,N,B,-,N,,,,,,,,,,Y,2,0,3,1,A,-,08,22107,,N,E,I,A,A,H,-,A,D,0,,,,,Y,,A,07,1,1,1,0,0,0,0,0,0,"- ","- ",39.906379999999999,-122.18385000000001,TEHAMA,UNINCORPORATED,-122.18383793,39.906353940000002
90460452,2017,2017-05-22,9130,2017-05-12,1030,013857,,5,1,9,5200,0,3,5,,2,020,"FOREST ROUTE M4","FOREST HIGHWAY 7",158400.00,N,N,B,-,N,,,,,,,,,,N,2,0,1,1,A,-,03,38305,,N,E,I,A,A,H,-,A,D,0,,,Y,,Y,,C,06,1,0,0,0,0,0,0,0,1,"- ","- ",39.831870000000002,-122.77687,TEHAMA,UNINCORPORATED,,
90495117,2017,2017-07-06,9130,2017-06-28,2300,018879,,3,3,9,5200,0,3,5,,2,030,"LAKE CALIFORNIA DR","MAIN ST",12672.00,E,N,A,-,N,,,,,,,,,,Y,2,0,2,1,A,-,01,23152,A,N,E,I,A,A,H,-,D,D,0,,,,,Y,Y,A,01,1,1,0,0,0,0,0,0,0,"- ","- ",40.364559999999997,-122.26488999999999,TEHAMA,UNINCORPORATED,-122.24784667999999,40.367274790000003
90504504,2017,2017-10-05,9130,2017-07-19,1750,017562,,3,2,9,5200,0,3,5,,2,020,"EDITH AVE","GALLAGHER AVE",0.00,,Y,A,-,N,,,,,,,,,,Y,2,0,2,2,A,-,01,23152,A,N,D,C,A,A,H,-,A,A,0,,,,,Y,Y,D,22,1,1,0,0,0,0,0,0,0,"- ","- ",39.942540000000001,-122.19753,TEHAMA,UNINCORPORATED,-122.19751988,39.942499980000001
90519232,2017,2017-08-14,9130,2017-07-31,0420,018879,,1,3,9,5200,0,1,3,,1,031,"SR-99 S/B","BRAY AVE",1056.00,N,N,A,-,Y,,,99,,,,,,S,Y,2,0,1,1,A,-,08,22107,,N,E,I,A,A,H,-,D,D,0,,,,,Y,,D,22,1,0,0,0,0,0,0,0,0,"- ","- ",40.156480000000002,-122.14619,TEHAMA,UNINCORPORATED,-122.14626033,40.156413409999999
90555275,2017,2017-09-25,9130,2017-09-17,0035,019041,,7,3,9,5200,0,1,3,,1,031,SR-99,"SALT CREEK RD",450.00,S,N,A,-,Y,,,99,,,,,,,Y,2,0,1,1,A,-,01,23152,A,N,E,I,A,A,H,-,D,D,0,,,,,Y,Y,A,07,1,0,0,0,0,0,0,0,0,"- ","- ",40.167569999999998,-122.15815000000001,TEHAMA,UNINCORPORATED,-122.15811196999999,40.16768106
90576538,2017,2017-10-23,9130,2017-10-13,1025,015667,,5,1,9,5200,0,1,1,,2,051,"I-5 N/B","RED BLUFF REST AREA ON-RAMP",2640.00,S,N,A,-,Y,,,5,,,,,,N,Y,2,0,1,1,A,-,08,22107,,N,F,A,A,A,H,-,A,D,0,,,,,Y,,A,07,1,0,0,0,0,0,0,0,0,"- ","- ",40.255560000000003,-122.26302,TEHAMA,UNINCORPORATED,-122.26299469,40.255569659999999
90585051,2017,2017-11-01,9130,2017-10-26,1540,015565,,4,2,9,5200,0,3,5,,2,030,"ADOBE ROAD","CRESTVIEW DRIVE",31.00,W,N,A,-,N,,,,,,,,,,Y,2,0,1,1,A,-,01,23152,G,N,F,A,A,A,H,-,A,D,0,,,,,Y,Y,A,07,1,0,0,0,0,0,0,0,0,"- ","- ",40.195459999999997,-122.23058,TEHAMA,UNINCORPORATED,-122.23043887999999,40.19544131
90594293,2017,2017-11-14,9130,2017-11-07,2040,020975,,2,2,9,5200,0,2,4,,2,043,"ROAD 99W","FINNEL AVE",2112.00,S,N,A,-,N,,,,,,,,,,Y,2,0,1,1,A,-,01,23152,A,N,E,I,A,A,H,-,D,D,0,,,,,Y,Y,D,22,1,0,0,0,0,0,0,0,0,"- ","- ",39.950279999999999,-122.17912,TEHAMA,UNINCORPORATED,-122.17919999999999,39.951130550000002
90605180,2017,2017-11-29,9140,2017-11-19,1845,016732,,7,2,9,5200,0,1,3,,2,062,SR-32,"BUTTE/TEHAMA COUNTY LINE",1584.00,W,N,A,-,Y,,,32,,,,,,,Y,2,0,1,1,A,-,08,22107,,N,E,I,A,A,H,-,D,D,0,,,,,Y,,A,01,1,0,0,0,0,0,0,0,0,"- ","- ",40.099089999999997,-121.58240000000001,TEHAMA,UNINCORPORATED,-121.58241559,40.099104390000001
90614257,2017,2017-12-11,9130,2017-11-30,1810,020975,,4,2,9,5200,0,2,4,,2,034,"HIGHWAY 99W","GERBER RD",0.00,,Y,A,-,N,,,,,,,,,,Y,2,0,3,2,A,-,09,21801,A,N,A,C,A,A,H,-,D,D,0,,,,,Y,,A,07,1,1,1,0,0,0,0,0,0,"- ","- ",40.047220000000003,-122.17042000000001,TEHAMA,UNINCORPORATED,-122.17044711,40.047373129999997
90615652,2017,2017-12-12,9130,2017-12-02,0213,019041,,6,3,9,5200,0,2,4,,2,043,"COUNTY ROAD 99W","TEHAMA AVE",670.00,N,N,A,-,N,,,,,,,,,,Y,1,1,0,2,A,-,08,22107,,N,A,C,A,A,H,-,D,D,0,,,,Y,Y,,A,01,0,0,0,0,0,0,0,0,0,"- ","- ",40.027999999999999,-122.17164,TEHAMA,UNINCORPORATED,-122.17166573,40.027999190000003
90621627,2017,2017-12-20,9130,2017-12-11,1800,015824,,1,2,9,5200,0,1,3,,1,041,"STATE ROUTE 99","ENGLEHORN RD",175.00,N,N,A,-,Y,,,99,,,,,,,Y,2,0,2,2,A,-,05,21460,C,N,A,C,A,A,H,-,D,D,0,,,,,Y,Y,A,07,1,1,0,0,0,0,0,0,0,"- ","- ",40.006100000000004,-122.09229999999999,TEHAMA,UNINCORPORATED,-122.09236970000001,40.006063210000001
90630592,2017,2018-01-02,9130,2017-12-16,0250,019840,,6,3,9,5200,0,3,5,,2,010,"HOOKER CREEK RD","WINTER CREEK LN",45.00,S,N,A,-,N,,,,,,,,,,Y,1,1,1,1,A,-,08,22107,,N,E,I,A,A,H,-,D,D,0,,,,,Y,,D,22,1,0,0,0,0,0,0,0,0,"- ","- ",40.327199999999998,-122.33096999999999,TEHAMA,UNINCORPORATED,-122.33111962,40.327007350000002
90681175,2018,2018-03-13,9130,2018-03-04,0210,019041,,7,3,9,5200,0,3,5,,2,010,"JOHNSON RD","REEDS CREEK RD",18480.00,W,N,A,-,N,,,,,,,,,,Y,2,0,1,1,A,-,01,23152,G,N,F,A,A,A,H,-,D,D,0,,,,,Y,Y,D,22,1,0,0,0,0,0,0,0,0,"- ","- ",40.150470733642578,-122.41522979736328,TEHAMA,UNINCORPORATED,-122.414794921875,40.15057373046875
90681687,2018,2018-03-14,9130,2018-03-06,0345,015565,,2,3,9,5200,0,1,1,,2,052,"I-5 N/B","ELDER CREEK",30.00,N,N,A,-,Y,,,5,,,,,,N,Y,1,1,0,2,C,-,18,,,N,D,C,A,A,H,-,D,D,0,,,,Y,Y,,-,"- ",0,0,0,0,0,0,0,0,0,"- ","- ",40.043830871582031,-122.21201324462891,TEHAMA,UNINCORPORATED,-122.21282958984375,40.043701171875
90712782,2018,2018-04-25,9130,2018-04-13,1520,017227,,5,2,9,5200,0,3,5,,2,020,"RANCHO TEHAMA RD","BOGGS AND CHAMPLIN RD",2640.00,E,N,A,-,N,,,,,,,,,,N,2,0,1,2,A,-,05,21460,A,N,B,C,A,A,H,-,A,D,0,,,Y,,Y,,C,02,1,0,0,0,0,0,0,0,1,"- ","- ",40.016738891601562,-122.37014770507812,TEHAMA,UNINCORPORATED,-122.37260437011719,40.015888214111328
90713695,2018,2018-04-26,9130,2018-04-16,1155,016120,,1,1,9,5200,0,1,3,,1,032,SR-36E,"PONDEROSA WY",2112.00,E,N,D,-,Y,,,36,,,,,,,Y,2,0,2,1,A,-,03,22350,,N,E,I,A,C,H,-,A,D,0,,,,,Y,,A,07,2,0,0,0,0,0,0,0,0,"- ","- ",40.345169067382812,-121.75170135498047,TEHAMA,UNINCORPORATED,-121.75170135498047,40.345176696777344
90715312,2018,2018-04-27,9130,2018-04-23,0628,014291,,1,1,9,5200,0,1,3,,1,031,"SR 99E (S/B)","CHILDS AVE",16.00,S,N,A,-,Y,,,99,,,,,,,Y,2,0,1,1,A,-,08,22107,,N,E,I,A,A,H,-,B,D,0,,,,,Y,,A,07,1,0,0,0,0,0,0,0,0,"- ","- ",40.113601684570312,-122.11679840087891,TEHAMA,UNINCORPORATED,-122.11677551269531,40.113624572753906
90722285,2018,2018-05-08,9130,2018-04-29,1425,016120,,7,2,9,5200,0,3,5,,2,030,"LANES VALLEY RD","SR-36 E/B",5280.00,N,N,A,-,N,,,,,,,,,,N,2,0,1,1,A,-,08,22107,,N,F,A,A,A,H,-,A,D,0,,,Y,,Y,,C,02,1,0,0,0,0,0,0,0,1,"- ","- ",40.350410461425781,-121.91230773925781,TEHAMA,UNINCORPORATED,-121.91232299804688,40.35040283203125
90731516,2018,2018-05-22,9130,2018-05-10,1500,017692,,4,2,9,5200,0,3,5,,2,040,"FINNELL AVE","TOOMES AVE",485.00,E,N,A,-,N,,,,,,,,,,Y,2,0,1,1,A,-,08,22107,,N,E,I,A,A,H,-,A,D,0,,,,,Y,,D,22,1,0,0,0,0,0,0,0,0,"- ","- ",39.956821441650391,-122.1910400390625,TEHAMA,UNINCORPORATED,-122.19110870361328,39.956943511962891
90732631,2018,2018-07-03,9130,2018-05-12,1552,017692,,6,2,9,5200,0,1,1,,2,051,"I-5 N/B","SOUTH MAIN ST.",2112.00,S,N,A,-,Y,,,5,,,,,,N,Y,1,1,1,2,C,-,18,,,N,A,C,A,A,H,-,A,D,0,,,,,Y,,-,"- ",1,0,0,0,0,0,0,0,0,"- ","- ",40.147171020507812,-122.22232818603516,TEHAMA,UNINCORPORATED,-122.22235870361328,40.147163391113281
90736175,2018,2018-05-29,9130,2018-05-20,0320,019840,,7,3,9,5200,0,3,5,,2,020,"RAWSON RD","SOUTH AVE",900.00,N,N,A,-,N,,,,,,,,,,N,2,0,1,1,A,-,01,23152,A,N,F,A,A,A,H,-,D,D,0,,,Y,,Y,Y,C,02,1,0,0,0,0,0,0,0,1,"- ","- ",39.543411254882812,-122.12571716308594,TEHAMA,UNINCORPORATED,-122.21608734130859,39.909160614013672
90740816,2018,2018-09-12,9130,2018-05-24,0045,016120,,4,3,9,5200,0,1,3,,1,031,"STATE ROUTE 99","SALT CREEK RD",400.00,S,N,A,-,Y,,,99,,,,,,,Y,1,1,0,1,A,-,01,23152,A,N,E,I,A,A,H,-,D,D,0,,,,,Y,Y,D,22,0,0,0,0,0,0,0,0,0,"- ","- ",40.167728424072266,-122.15830993652344,TEHAMA,UNINCORPORATED,-122.15830230712891,40.167747497558594
90742751,2018,2018-06-06,9130,2018-05-26,1855,019041,,6,2,9,5200,0,2,4,,2,042,"SOUTH AVENUE","HALL ROAD",0.00,,Y,A,-,N,,,,,,,,,,Y,1,1,3,2,A,-,09,21802,A,N,D,C,A,A,H,-,A,A,0,,,,Y,Y,,A,08,0,3,0,0,0,0,0,0,0,"- ","- ",39.906841278076172,-122.12319946289062,TEHAMA,UNINCORPORATED,-122.12326049804688,39.909400939941406
90785296,2018,2018-08-07,9130,2018-07-24,1620,015667,,2,2,9,5200,0,3,5,,2,030,"LAKE CALIFORNIA DR","SAWTOOTH DR",5808.00,W,N,A,-,N,,,,,,,,,,Y,2,0,3,1,A,-,08,22107,,N,E,I,A,A,H,-,A,D,0,,,,,Y,,A,01,1,1,1,0,0,0,0,0,0,"- ","- ",40.367790222167969,-122.24659729003906,TEHAMA,UNINCORPORATED,-122.24537658691406,40.3682861328125
90790224,2018,2018-08-14,9130,2018-08-04,2215,015667,,6,3,9,5200,0,1,3,,1,012,SR-36,"VESTAL RD",1465.00,W,N,A,-,Y,,,36,,,,,,,Y,2,0,2,1,A,-,03,22350,,N,F,A,A,A,H,-,D,D,0,,,,,Y,,D,22,1,1,0,0,0,0,0,0,0,"- ","- ",40.303878784179688,-122.72058868408203,TEHAMA,UNINCORPORATED,-122.72056579589844,40.303794860839844
90794123,2018,2018-08-20,9130,2018-08-04,2016,015824,,6,2,9,5200,0,1,3,,1,041,"STATE ROUTE 99","ROWLES RD",2112.00,S,N,A,-,Y,,,99,,,,,,,Y,1,1,1,2,A,-,07,21658,A,N,B,C,A,A,H,-,B,D,0,,,,,Y,,D,22,1,0,0,0,0,0,0,0,0,"- ","- ",39.908428192138672,-122.00631713867188,TEHAMA,UNINCORPORATED,-122.00625610351562,39.908504486083984
90806434,2018,2018-09-05,9130,2018-08-24,1832,015667,,5,2,9,5200,0,3,5,,2,010,"MCCOY ROAD","MATLOCK LOOP RD",3696.00,N,N,A,-,N,,,,,,,,,,N,2,0,1,1,A,-,08,22107,,N,F,A,A,A,B,-,A,D,0,,,Y,,Y,,C,02,1,0,0,0,0,0,0,0,1,"- ","- ",40.244609832763672,-122.30161285400391,TEHAMA,UNINCORPORATED,-122.32634735107422,40.299545288085938
90809140,2018,2018-09-10,9130,2018-08-31,1545,019792,,5,2,9,5200,0,3,5,,2,030,"MAIN ST.","LAKE CALIFORNIA DR",46.00,N,N,A,-,N,,,,,,,,,,Y,2,0,1,2,A,-,21,22106,,N,A,C,A,A,H,-,A,A,0,,,Y,,Y,,C,02,1,0,0,0,0,0,0,0,1,"- ","- ",40.369121551513672,-122.28269195556641,TEHAMA,UNINCORPORATED,-122.28264617919922,40.369129180908203
90824537,2018,2018-09-28,9140,2018-09-17,1450,018847,,1,2,9,5200,0,1,3,,2,063,SR-36,"TRAMWAY ROAD",6336.00,E,N,A,-,Y,,,36,,,,,,,Y,2,0,1,1,A,-,08,22107,,N,E,I,A,A,H,-,A,A,0,,,Y,,Y,,C,02,1,0,0,0,0,0,0,0,1,"- ","- ",40.346519470214844,-121.68479156494141,TEHAMA,UNINCORPORATED,-121.684814453125,40.346466064453125
90838307,2018,2018-10-17,9130,2018-10-06,2500,018980,,6,4,9,5200,0,1,1,,2,051,"I-5 S/B","HOOKER CREEK RD",2640.00,S,N,B,-,Y,,,5,,,,,,S,Y,2,0,1,1,A,-,01,23152,A,N,F,A,A,B,H,-,D,D,0,,,,,Y,Y,D,22,1,0,0,0,0,0,0,0,0,"- ","- ",40.286109924316406,-122.27754211425781,TEHAMA,UNINCORPORATED,-122.27761840820312,40.286052703857422
90868709,2018,2018-11-27,9140,2018-11-18,1745,014898,,7,2,9,5200,0,1,3,,2,061,"STATE ROUTE 36","JCT SR-172",1060.00,W,N,A,-,Y,,,36,,,,,,,Y,2,0,2,1,A,-,08,22107,,N,E,I,A,A,H,-,B,D,0,,,,,Y,,A,01,1,1,0,0,0,0,0,0,0,"- ","- ",40.347930908203125,-121.54010772705078,TEHAMA,UNINCORPORATED,-121.54011535644531,40.347911834716797
90931248,2019,2019-02-21,9130,2019-01-04,2105,019840,,5,2,9,5200,0,1,3,,1,031,"ROAD 99W","WESTOVER RD",1528.00,N,N,A,-,N,,,,,,,,,,Y,1,1,4,2,A,-,08,22107,,N,D,C,A,A,H,-,D,D,0,,,,,Y,,A,01,2,2,0,0,0,0,0,0,0,"- ","- ",40.093841552734375,-122.17916107177734,TEHAMA,UNINCORPORATED,-122.17927551269531,40.093860626220703
90940038,2019,2019-03-05,9130,2019-02-23,1730,016408,,6,2,9,5200,0,2,4,,2,042,"SOUTH AVE","MICHIGAN AVE",635.00,W,N,B,-,N,,,,,,,,,,Y,1,1,5,2,A,-,06,21751,,N,A,C,A,A,H,-,A,D,0,,,,,Y,,A,01,3,2,0,0,0,0,0,0,0,"- ","- ",39.906730651855469,-122.11479187011719,TEHAMA,UNINCORPORATED,-122.11459350585938,39.906658172607422
90972634,2019,2019-04-22,9130,2019-04-13,2345,019041,,6,3,9,5200,0,2,4,,2,034,"HWY 99W","WESTOVER RD",3250.00,N,N,A,-,N,,,,,,,,,,Y,2,0,3,2,A,-,01,23152,A,N,A,C,A,A,H,-,D,D,0,,,,,Y,Y,A,01,2,0,1,0,0,0,0,0,0,"- ","- ",40.980300903320312,-122.18212890625,TEHAMA,UNINCORPORATED,-122.18215179443359,40.098045349121094
90974426,2019,2019-04-24,9130,2019-04-14,1225,016120,,7,1,9,5200,0,1,3,,1,031,SR-99E,"DAIRY AVE",97.00,N,N,B,-,Y,,,99,,,,,,,Y,2,0,2,2,A,-,09,21801,A,N,D,C,A,A,H,-,A,D,0,,,,,Y,,D,22,1,1,0,0,0,0,0,0,0,"- ","- ",40.132179260253906,-122.12345886230469,TEHAMA,UNINCORPORATED,-122.12368011474609,40.132083892822266
90982363,2019,2019-05-06,9130,2019-05-02,2320,019041,,4,3,9,5200,0,2,4,,2,043,"HWY 99W","VIOLA AVE",200.00,N,N,A,-,N,,,,,,,,,,Y,2,0,1,2,A,-,01,23152,A,N,B,C,A,A,H,-,D,D,0,,,,,Y,Y,A,01,1,0,0,0,0,0,0,0,0,"- ","- ",39.899570465087891,-122.19759368896484,TEHAMA,UNINCORPORATED,-122.19748687744141,39.899787902832031
91006873,2019,2019-06-10,9130,2019-05-30,1500,018812,,4,2,9,5200,0,1,3,,1,012,SR-36,"BASLER RD",220.00,W,N,B,-,Y,,,36,,,,,,,Y,2,0,2,1,A,-,08,22107,,N,E,I,A,A,H,-,A,D,0,,,,,Y,,A,01,1,1,0,0,0,0,0,0,0,"- ","- ",40.244670867919922,-122.46241760253906,TEHAMA,UNINCORPORATED,-122.46230316162109,40.244796752929688
91012648,2019,2019-06-18,9140,2019-06-15,1440,021043,,6,2,9,5200,0,1,3,,2,062,"STATE ROUTE 32","STATE ROUTE 36",3168.00,W,N,A,-,Y,,,32,,,,,,,Y,2,0,1,1,A,-,08,22107,,N,E,J,A,A,H,-,A,D,0,,,Y,,Y,,C,02,1,0,0,0,0,0,0,0,1,"- ","- ",40.273780822753906,-121.4276123046875,TEHAMA,UNINCORPORATED,-121.42817687988281,40.274330139160156
91042903,2019,2019-07-31,9130,2019-07-19,2335,015829,,5,3,9,5200,0,3,5,,2,030,"LAKE CALIFORNIA DRIVE","SAWTOOTH DR",2640.00,W,N,A,-,N,,,,,,,,,,Y,2,0,1,1,A,-,08,22107,,N,E,I,A,A,H,-,D,D,0,,,,,Y,,A,01,1,0,0,0,0,0,0,0,0,"- ","- ",40.371261596679688,-122.23715972900391,TEHAMA,UNINCORPORATED,-122.23535919189453,40.372207641601562
91067136,2019,2019-09-04,9130,2019-08-05,0030,020158,,1,3,9,5200,0,3,5,,2,040,"GERBER ROAD","HIGHWAY 99W",2112.00,E,N,A,-,N,,,,,,,,,,N,1,1,0,2,A,-,11,21954,A,N,G,B,E,A,H,-,D,D,0,Y,,,,Y,,N,60,0,0,0,1,0,0,0,0,0,"- ","- ",40.047370910644531,-122.16281890869141,TEHAMA,UNINCORPORATED,-122.16287231445312,40.047336578369141
91067362,2019,2019-09-04,9130,2019-08-25,1405,018083,,7,2,9,5200,0,3,5,,2,020,"CORNING ROAD","10TH AVENUE",5280.00,W,N,A,-,N,,,,,,,,,,Y,2,0,2,1,A,-,03,22350,,N,F,A,A,A,H,-,A,D,0,,,Y,,Y,,C,02,2,0,0,0,0,0,0,0,2,"- ","- ",39.929149627685547,-122.27336883544922,TEHAMA,UNINCORPORATED,-122.27264404296875,39.929157257080078
91083948,2019,2019-09-26,9130,2019-09-17,0715,016580,,2,1,9,5200,0,2,4,,2,043,99W,"GYLE RD",0.00,,Y,A,-,Y,,,,,,,,,,Y,2,0,4,2,A,-,09,21801,A,N,A,C,A,A,H,-,A,D,0,,,,,Y,,A,01,1,2,1,0,0,0,0,0,0,"- ","- ",40.005508422851562,-122.17202758789062,TEHAMA,UNINCORPORATED,-122.17195892333984,40.005481719970703
91115541,2019,2019-11-07,9130,2019-10-29,0137,019714,,2,3,9,5200,0,1,1,,2,051,"I-5 S/B","BOWMAN RD",2025.00,S,N,A,-,Y,,,5,,,,,,S,Y,2,0,2,1,A,-,08,22107,,N,E,I,A,A,H,-,C,D,0,,,,,Y,,A,07,1,1,0,0,0,0,0,0,0,"- ","- ",40.357578277587891,-122.28346252441406,TEHAMA,UNINCORPORATED,-122.28355407714844,40.357574462890625
91163176,2019,2020-01-15,9130,2019-12-31,1525,015667,,2,2,9,5200,0,1,3,,1,032,SR-36,"SEVEN MILE CREEK",2112.00,E,N,B,-,Y,,,36,,,,,,,Y,1,1,0,1,A,-,08,22107,,N,F,A,A,A,H,-,A,D,0,,,,,Y,Y,A,01,0,0,0,0,0,0,0,0,0,"- ","- ",40.250091552734375,-122.14781951904297,TEHAMA,UNINCORPORATED,-122.14787292480469,40.250133514404297
91179992,2020,2020-02-04,9130,2020-01-25,0550,019041,,6,3,9,5200,0,3,5,,2,040,"HALL RD","CASA VERDE DR",200.00,N,N,B,-,N,,,,,,,,,,Y,2,0,1,1,A,-,08,22107,,N,E,I,A,A,H,-,D,D,0,,,,,Y,,A,01,1,0,0,0,0,0,0,0,0,"- ","- ",39.935359954833984,-122.12313842773438,TEHAMA,UNINCORPORATED,-122.12316131591797,39.935287475585938
91180458,2020,2020-02-05,9130,2020-01-25,1505,015667,,6,2,9,5200,0,1,3,,1,031,SR-99,"61ST AVE",250.00,S,N,B,-,Y,,,99,,,,,,,Y,2,0,2,1,A,-,08,22107,,N,E,I,A,A,H,-,A,D,0,,,,,Y,,E,22,1,0,1,0,0,0,0,0,0,"- ","- ",40.090900421142578,-122.10051727294922,TEHAMA,UNINCORPORATED,-122.10060882568359,40.090896606445312
91189071,2020,2020-02-19,9130,2020-02-08,1150,018812,,6,1,9,5200,0,3,5,,2,020,"RAWSON RD","BURTON AVE",128.00,S,N,A,-,N,,,,,,,,,,Y,2,0,1,1,A,-,08,22107,,N,E,I,A,A,H,-,A,D,0,,,Y,,Y,,C,02,1,0,0,0,0,0,0,0,1,"- ","- ",39.960918426513672,-122.22041320800781,TEHAMA,UNINCORPORATED,-122.22093200683594,39.961334228515625
91206127,2020,2020-03-11,9130,2020-03-05,1440,015667,,4,2,9,5200,0,1,3,,1,032,SR-36,"SEVENMILE CREEK",770.00,W,N,A,-,Y,,,36,,,,,,,Y,2,0,1,1,A,-,08,22107,,N,E,I,A,A,H,-,A,D,0,,,,,Y,,D,22,1,0,0,0,0,0,0,0,0,"- ","- ",40.243690490722656,-122.15357971191406,TEHAMA,UNINCORPORATED,-122.15355682373047,40.243667602539062