CASE_ID,ACCIDENT_YEAR,PROC_DATE,JURIS,COLLISION_DATE,COLLISION_TIME,OFFICER_ID,REPORTING_DISTRICT,DAY_OF_WEEK,CHP_SHIFT,POPULATION,CNTY_CITY_LOC,SPECIAL_COND,BEAT_TYPE,CHP_BEAT_TYPE,CITY_DIVISION_LAPD,CHP_BEAT_CLASS,BEAT_NUMBER,PRIMARY_RD,SECONDARY_RD,DISTANCE,DIRECTION,INTERSECTION,WEATHER_1,WEATHER_2,STATE_HWY_IND,CALTRANS_COUNTY,CALTRANS_DISTRICT,STATE_ROUTE,ROUTE_SUFFIX,POSTMILE_PREFIX,POSTMILE,LOCATION_TYPE,RAMP_INTERSECTION,SIDE_OF_HWY,TOW_AWAY,COLLISION_SEVERITY,NUMBER_KILLED,NUMBER_INJURED,PARTY_COUNT,PRIMARY_COLL_FACTOR,PCF_CODE_OF_VIOL,PCF_VIOL_CATEGORY,PCF_VIOLATION,PCF_VIOL_SUBSECTION,HIT_AND_RUN,TYPE_OF_COLLISION,MVIW,PED_ACTION,ROAD_SURFACE,ROAD_COND_1,ROAD_COND_2,LIGHTING,CONTROL_DEVICE,CHP_ROAD_TYPE,PEDESTRIAN_ACCIDENT,BICYCLE_ACCIDENT,MOTORCYCLE_ACCIDENT,TRUCK_ACCIDENT,NOT_PRIVATE_PROPERTY,ALCOHOL_INVOLVED,STWD_VEHTYPE_AT_FAULT,CHP_VEHTYPE_AT_FAULT,COUNT_SEVERE_INJ,COUNT_VISIBLE_INJ,COUNT_COMPLAINT_PAIN,COUNT_PED_KILLED,COUNT_PED_INJURED,COUNT_BICYCLIST_KILLED,COUNT_BICYCLIST_INJURED,COUNT_MC_KILLED,COUNT_MC_INJURED,PRIMARY_RAMP,SECONDARY_RAMP,LATITUDE,LONGITUDE,COUNTY,CITY,POINT_X,POINT_Y
91206316,2020,2020-03-11,9130,2020-03-06,0730,018083,,5,1,9,5200,0,3,5,,2,020,"NEWVILLE ROAD","BUCKHORN ROAD",10560.00,W,N,A,-,N,,,,,,,,,,Y,2,0,2,1,A,-,08,22107,,N,E,I,A,A,H,-,A,D,0,,,,,Y,,A,07,1,0,1,0,0,0,0,0,0,"- ","- ",39.810138702392578,-122.40808868408203,TEHAMA,UNINCORPORATED,,
91211166,2020,2020-03-18,9130,2020-03-08,2005,019840,,7,2,9,5200,0,1,3,,1,041,SR-99,"TEHAMA AND VINA RD",2112.00,N,N,B,-,Y,,,,,,,,,,Y,2,0,1,1,A,-,01,23152,A,N,E,I,A,A,H,-,D,D,0,,,,,Y,Y,D,22,1,0,0,0,0,0,0,0,0,"- ","- ",39.573688507080078,-122.04046630859375,TEHAMA,UNINCORPORATED,-122.09992218017578,40.036937713623047
91219999,2020,2020-04-09,9130,2020-03-22,2230,020580,,7,3,9,5200,0,3,5,,2,040,"SOUTH AVE","MARY AVE",2344.00,W,N,A,-,N,,,,,,,,,,Y,1,1,1,2,A,-,01,23152,A,N,A,C,A,A,H,-,D,D,0,,,,Y,Y,Y,A,01,0,1,0,0,0,0,0,0,0,"- ","- ",39.906078338623047,-122.59480285644531,TEHAMA,UNINCORPORATED,-122.15895843505859,39.906112670898438
91225959,2020,2020-04-15,9130,2020-04-05,2035,019840,,7,2,9,5200,0,1,1,,2,051,"I-5 SOUTHBOUND","FLORES AVE O/C",1765.00,N,N,B,-,Y,,,5,,,,,,S,Y,2,0,2,2,C,-,18,,,N,H,H,A,B,H,-,D,D,0,,,,Y,Y,,-,"- ",1,0,1,0,0,0,0,0,0,"- ","- ",40.088848114013672,-122.2171630859375,TEHAMA,UNINCORPORATED,-122.21722412109375,40.088848114013672
91227653,2020,2020-04-20,9130,2020-04-10,0245,020158,,5,3,9,5200,0,1,1,,2,051,"I-5 NORTHBOUND","JELLYS FERRY ROAD",2640.00,N,N,A,-,Y,,,5,,,,,,N,Y,2,0,1,1,A,-,08,22107,,F,F,A,A,A,H,-,C,D,0,,,,,Y,,A,01,1,0,0,0,0,0,0,0,0,"- ","- ",40.239860534667969,-122.25727844238281,TEHAMA,UNINCORPORATED,-122.25738525390625,40.239826202392578
91228441,2020,2020-04-22,9130,2020-04-13,2145,020580,,1,2,9,5200,0,1,1,,2,051,"I-5 S/B","HOOKER CREEK RD",1584.00,S,N,A,-,Y,,,5,,,,,,S,Y,2,0,1,1,A,-,01,23152,F,N,F,A,A,A,H,-,D,D,0,,,,,Y,,A,01,1,0,0,0,0,0,0,0,0,"- ","- ",40.288158416748047,-122.27883148193359,TEHAMA,UNINCORPORATED,-122.27870178222656,40.288196563720703
91230062,2020,2020-04-27,9130,2020-04-17,2325,020158,,5,3,9,5200,0,3,5,,2,010,"RED BANK ROAD","MEADOWVIEW ROAD",1056.00,N,N,A,-,N,,,,,,,,,,Y,2,0,1,1,A,-,08,22107,,N,E,I,A,A,H,-,D,D,0,,,,,Y,,A,01,1,0,0,0,0,0,0,0,0,"- ","- ",40.138191223144531,-122.29701995849609,TEHAMA,UNINCORPORATED,-122.29685211181641,40.1383056640625
91235890,2020,2020-05-11,9130,2020-04-25,1558,015667,,6,2,9,5200,0,3,5,,2,040,"HALL RD","EAST BOROUGH ST. (PVT.)",238.00,S,N,B,-,N,,,,,,,,,,Y,1,1,0,1,A,-,01,23152,A,N,E,I,A,A,H,-,A,D,0,,,,,Y,Y,D,22,0,0,0,0,0,0,0,0,0,"- ","- ",39.923969268798828,-122.12339019775391,TEHAMA,UNINCORPORATED,-122.12328338623047,39.923927307128906
91238106,2020,2020-05-15,9130,2020-04-19,0300,020158,,7,3,9,5200,0,3,5,,2,020,"CORNING ROAD","FREEMAN SCHOOLHOUSE ROAD",2640.00,W,N,A,-,N,,,,,,,,,,Y,1,1,0,1,A,-,01,23152,A,N,F,A,A,A,H,-,D,D,0,,,,,Y,Y,A,01,0,0,0,0,0,0,0,0,0,"- ","- ",39.928291320800781,-122.29313659667969,TEHAMA,UNINCORPORATED,-122.29514312744141,39.925086975097656
91246109,2020,2020-06-01,9130,2020-05-24,1040,019218,,7,1,9,5200,0,3,5,,2,040,"RAWSON RD","GYLE RD",0.00,,Y,A,-,N,,,,,,,,,,Y,2,0,2,2,A,-,12,22450,A,N,D,C,A,A,H,-,A,D,0,,,,,Y,,A,01,1,1,0,0,0,0,0,0,0,"- ","- ",40.000911712646484,-122.22530364990234,TEHAMA,UNINCORPORATED,-122.22527313232422,40.000869750976562
91247874,2020,2020-06-05,9130,2020-05-28,0650,018812,,4,1,9,5200,0,1,1,,2,051,"I-5 N/B","JELLYS FERRY RD",10560.00,N,N,A,-,Y,,,5,,,,,,N,Y,2,0,1,1,A,-,08,22107,,N,E,I,A,A,H,-,A,D,0,,,,,Y,,D,22,1,0,0,0,0,0,0,0,0,"- ","- ",40.264888763427734,-122.26643371582031,TEHAMA,UNINCORPORATED,-122.26652526855469,40.264854431152344
91248631,2020,2020-06-08,9130,2020-05-31,0017,015667,,7,3,9,5200,0,3,5,,2,030,"LAKE CALIFORNIA DRIVE","SAWTOOTH DR",2640.00,W,N,B,-,N,,,,,,,,,,Y,1,1,0,1,A,-,08,22107,,N,E,I,A,A,H,-,D,D,0,,,,,Y,Y,A,08,0,0,0,0,0,0,0,0,0,"- ","- ",40.371440887451172,-122.23667144775391,TEHAMA,UNINCORPORATED,-122.23535919189453,40.372207641601562
91257533,2020,2020-06-25,9130,2020-06-16,1720,019714,,2,2,9,5200,0,3,5,,2,010,"GREEN VALLEY ACRES DR","SHASTA VIEW DR",2403.00,S,N,A,-,N,,,,,,,,,,Y,2,0,3,1,A,-,01,23152,A,N,E,I,A,A,H,-,A,D,0,,,,,Y,Y,D,22,2,1,0,0,0,0,0,0,0,"- ","- ",40.2069091796875,-122.35146331787109,TEHAMA,UNINCORPORATED,-122.35155487060547,40.207279205322266
91259998,2020,2020-06-29,9130,2020-06-17,1900,015667,,3,2,3,5202,0,1,1,,2,051,"I-5 S/B","ANTELOPE BLVD",1584.00,S,N,A,-,Y,,,5,,,,,,S,Y,2,0,1,1,A,-,08,22107,,N,E,I,A,A,H,-,A,D,0,,,,,Y,,A,01,1,0,0,0,0,0,0,0,0,"- ","- ",40.176959991455078,-122.22245788574219,TEHAMA,"RED BLUFF",-122.22240447998047,40.176990509033203
91264761,2020,2020-07-07,9130,2020-06-30,1745,015667,,2,2,9,5200,0,1,3,,1,031,SR-99,"PATTERSON RD",1056.00,S,N,A,-,Y,,,99,,,,,,,Y,2,0,1,1,A,-,01,23152,A,N,E,I,A,A,H,-,A,D,0,,,,,Y,Y,A,01,1,0,0,0,0,0,0,0,0,"- ","- ",40.158290863037109,-122.14792633056641,TEHAMA,UNINCORPORATED,-122.14798736572266,40.158237457275391
91265122,2020,2020-07-08,9140,2020-05-29,1830,021683,,5,2,9,5200,0,3,5,,2,060,"FOREST SERVICE ROUTE 29N18","WILSON LAKE ROAD",0.00,,N,B,-,N,,,,,,,,,,N,2,0,1,1,A,-,08,38314,,N,F,A,A,A,H,-,A,D,0,,,Y,,Y,,C,06,1,0,0,0,0,0,0,0,1,"- ","- ",40.349388122558594,-121.41988372802734,TEHAMA,UNINCORPORATED,,
91266225,2020,2020-07-09,9130,2020-06-30,1615,019714,,2,2,9,5200,0,3,5,,2,040,"MERIDIAN RD","LASSEN RD",2100.00,N,N,A,-,N,,,,,,,,,,Y,2,0,1,1,A,-,08,22107,,N,E,I,A,A,H,-,A,D,0,,,,,Y,,A,01,1,0,0,0,0,0,0,0,0,"- ","- ",39.918411254882812,-121.91925048828125,TEHAMA,UNINCORPORATED,-121.91922760009766,39.918224334716797
91267723,2020,2020-07-13,9130,2020-07-04,0635,019041,,6,1,9,5200,0,1,1,,2,051,"I-5 S/B","JELLYS FERRY RD",5280.00,N,N,A,-,Y,,,5,,,,,,S,Y,2,0,1,2,A,-,01,23152,F,N,B,C,A,A,H,-,A,D,0,,,Y,Y,Y,,C,02,1,0,0,0,0,0,0,0,1,"- ","- ",40.24993896484375,-122.26126098632812,TEHAMA,UNINCORPORATED,-122.26129913330078,40.249927520751953
91274927,2020,2020-07-27,9130,2020-07-16,1955,015667,,4,2,9,5200,0,1,3,,1,041,SR-99,"GRANT ST",15.00,S,N,A,-,Y,,,99,,,,,,,N,2,0,2,1,A,-,03,22350,,N,F,A,A,A,H,-,A,A,0,,,Y,,Y,,C,02,2,0,0,0,0,0,0,0,2,"- ","- ",40.025009155273438,-122.09990692138672,TEHAMA,UNINCORPORATED,-122.09987640380859,40.025009155273438
91281648,2020,2020-08-06,9140,2020-07-25,1600,021683,,6,2,9,5200,0,3,5,,2,060,"USFS ROAD 29N18G","USFS ROAD28N61",1742.00,W,N,A,-,N,,,,,,,,,,N,2,0,1,1,A,-,03,38305,,N,F,A,A,A,H,-,A,D,0,,,Y,,Y,,C,02,1,0,0,0,0,0,0,0,1,"- ","- ",40.345169067382812,-121.37283325195312,TEHAMA,UNINCORPORATED,,
91281895,2020,2020-08-06,9130,2020-07-27,2010,015824,,1,2,9,5200,0,2,4,,2,035,"SAN BENITO AVE","ADELFA ST",198.00,S,N,A,-,N,,,,,,,,,,Y,2,0,1,1,A,-,08,22107,,N,E,I,A,A,H,-,A,D,0,,,,,Y,,A,01,1,0,0,0,0,0,0,0,0,"- ","- ",40.070049285888672,-122.16217803955078,TEHAMA,UNINCORPORATED,-122.16228485107422,40.070159912109375
91297026,2020,2020-09-01,9130,2020-08-26,1450,019714,,3,2,9,5200,0,1,3,,1,031,"SR-36 E/B","PAYNES CREEK LOOP",8184.00,W,N,A,-,Y,,,,,,,,,,Y,2,0,1,1,A,-,08,22107,,N,E,I,A,A,H,-,A,D,0,,,,,Y,,A,01,1,0,0,0,0,0,0,0,0,"- ","- ",40.324981689453125,-121.44705200195312,TEHAMA,UNINCORPORATED,-121.94660186767578,40.324909210205078
91314224,2020,2020-09-29,9130,2020-09-20,2015,019218,,7,2,9,5200,0,3,5,,2,030,"SHASTA BLVD","62ND AVE",903.00,N,N,A,-,N,,,,,,,,,,Y,2,0,1,1,A,-,01,23152,A,N,E,I,A,A,H,-,D,D,0,,,,,Y,Y,D,22,1,0,0,0,0,0,0,0,0,"- ","- ",40.095668792724609,-122.09098052978516,TEHAMA,UNINCORPORATED,-122.09104919433594,40.095607757568359
91346370,2020,2020-11-16,9130,2020-11-02,0551,016408,,1,3,9,5200,0,1,1,,2,052,"I-5 S/B","LIBERAL AVE",3175.00,S,N,A,-,Y,,,5,,,,,,S,Y,1,1,0,2,A,-,08,22107,,N,A,C,A,A,H,-,D,D,0,,,,Y,Y,,A,07,0,0,0,0,0,0,0,0,0,"- ","- ",39.872879028320312,-122.20025634765625,TEHAMA,UNINCORPORATED,-122.20025634765625,39.872879028320312
91434387,2021,2021-03-24,9130,2021-03-20,1950,020580,,6,2,9,5200,0,2,4,,2,034,"ROAD 99W","SOUTH AVE.",1465.00,S,N,A,-,N,,,,,,,,,,N,2,0,1,2,A,-,11,21954,A,N,G,B,D,A,H,-,D,D,0,Y,,,,Y,,N,60,1,0,0,0,1,0,0,0,0,"- ","- ",39.902400970458984,-122.197509765625,TEHAMA,UNINCORPORATED,-122.19753265380859,39.902568817138672
91434500,2021,2021-03-24,9130,2021-03-21,1920,016408,,7,2,9,5200,0,2,4,,2,042,"SOUTH AVE","MARY AVE",300.00,E,N,A,-,N,,,,,,,,,,Y,2,0,2,2,A,-,09,21801,A,N,D,C,A,A,H,-,B,D,0,,,Y,,Y,,A,01,1,0,1,0,0,0,0,0,1,"- ","- ",39.905998229980469,-122.14906311035156,TEHAMA,UNINCORPORATED,-122.14952850341797,39.905979156494141
91441202,2021,2021-04-01,9130,2021-03-30,1850,016408,,2,2,9,5200,0,3,5,,2,020,"BOGGS AND CHAMPLIN RD","PASKENTA RD",4224.00,N,N,A,-,N,,,,,,,,,,Y,2,0,1,1,A,-,01,23152,A,N,E,I,A,A,B,-,A,D,0,,,,,Y,Y,A,01,1,0,0,0,0,0,0,0,0,"- ","- ",39.949501037597656,-122.40444946289062,TEHAMA,UNINCORPORATED,-122.40444183349609,39.948509216308594
91528714,2021,2021-07-26,9130,2021-07-10,1810,018710,,6,2,9,5200,0,1,3,,1,031,"STATE ROUTE 99","BRAY AVE",1290.00,S,N,A,-,Y,,,99,,,,,,,Y,2,0,4,2,A,-,08,22107,,N,A,C,A,A,H,-,A,D,0,,,,,Y,,A,01,2,1,1,0,0,0,0,0,0,"- ","- ",40.152610778808594,-122.14263916015625,TEHAMA,UNINCORPORATED,-122.14265441894531,40.152595520019531
91562699,2021,2021-10-13,9130,2021-08-26,1520,019742,,4,2,9,5200,0,2,4,,2,013,"HOOKER CREEK ROAD","BOWMAN ROAD",0.00,,Y,B,-,N,,,,,,,,,,Y,2,0,5,2,A,-,09,21802,A,N,D,C,A,A,H,-,A,D,0,,,,,Y,,A,01,3,2,0,0,0,0,0,0,0,"- ","- ",40.360118865966797,-122.32627105712891,TEHAMA,UNINCORPORATED,-122.32632446289062,40.36016845703125
91565511,2021,2021-09-08,9130,2021-09-03,2225,020580,,5,3,9,5200,0,1,3,,1,012,SR-36W,"WHISPERING OAKS DR.",200.00,E,N,A,-,Y,,,36,,,,,,,Y,2,0,1,1,A,-,08,22107,,N,E,I,A,A,H,-,D,D,0,,,Y,,Y,,C,02,1,0,0,0,0,0,0,0,1,"- ","- ",40.220489501953125,-122.37149047851562,TEHAMA,UNINCORPORATED,-122.37149047851562,40.220447540283203
91566441,2021,2021-09-09,9130,2021-08-22,0350,020579,,7,3,9,5200,0,1,3,,1,031,"SR-99 S/B","PUGH AVENUE",0.00,,Y,A,-,Y,,,99,,,,,,S,Y,1,1,0,1,A,-,01,23152,A,N,E,8,A,A,H,-,D,D,0,,,,,Y,Y,D,22,0,0,0,0,0,0,0,0,0,"- ","- ",40.165618896484375,-122.15511322021484,TEHAMA,UNINCORPORATED,-122.15504455566406,40.165683746337891
91573676,2021,2022-02-03,9130,2021-09-11,2313,020579,,6,3,9,5200,0,3,5,,2,040,"SR 99E","SHERMAN ST",454.00,S,N,A,-,Y,,,99,,,,,,,Y,2,0,4,3,A,-,01,23152,A,N,B,2,A,A,H,-,D,D,0,,,,,Y,Y,D,22,3,0,1,0,0,0,0,0,0,"- ","- ",40.010871887207031,-122.09488677978516,TEHAMA,UNINCORPORATED,-122.09487152099609,40.010879516601562
91595767,2021,2021-10-13,9130,2021-09-15,1015,019218,,3,1,3,5202,0,1,3,,1,012,"LUTHER RD","AIRPORT BLVD",205.00,W,N,B,-,N,,,,,,,,,,Y,1,1,1,3,A,-,01,23152,F,N,G,B,E,A,H,-,A,D,0,Y,,,,Y,,D,22,1,0,0,1,1,0,0,0,0,"- ","- ",40.161140441894531,-122.25106811523438,TEHAMA,"RED BLUFF",-122.25101470947266,40.161098480224609
91613462,2021,2021-11-02,9130,2021-10-11,2040,016408,,1,2,9,5200,0,3,5,,2,030,"LUCKNOW AVE","DUNVIN CT",40.00,S,N,A,-,N,,,,,,,,,,N,1,1,0,2,A,-,11,21954,A,F,G,B,E,A,H,-,D,D,0,Y,,,,Y,,N,60,0,0,0,1,0,0,0,0,0,"- ","- ",40.201240539550781,-122.20687866210938,TEHAMA,UNINCORPORATED,-122.20684051513672,40.201221466064453
91619314,2021,2023-01-23,9130,2021-11-02,0825,019742,,2,1,9,5200,0,1,3,,1,012,SR-36,"SHEEP GULCH",2640.00,W,N,B,-,Y,,,36,,,,,,,Y,2,0,1,1,A,-,08,22107,,N,E,8,A,A,H,-,A,D,0,,,,,Y,,D,22,1,0,0,0,0,0,0,0,0,"- ","- ",40.306629180908203,-122.08553314208984,TEHAMA,UNINCORPORATED,-122.08552551269531,40.306594848632812
91631161,2021,2021-11-22,9130,2021-11-12,1209,019218,,5,1,9,5200,0,1,1,,2,052,"I-5 N/B","CHARD AVE",2802.00,N,N,B,-,Y,,,5,,,,,,N,Y,2,0,1,2,A,-,01,23152,F,M,B,2,A,A,H,-,A,D,0,,,,Y,Y,,D,22,1,0,0,0,0,0,0,0,0,"- ","- ",40.077140808105469,-122.21637725830078,TEHAMA,UNINCORPORATED,-122.21633911132812,40.077144622802734
91645742,2021,2021-12-07,9130,2021-11-30,1240,019218,,2,1,9,5200,0,1,1,,2,052,"I-5 S/B","GYLE RD.",2455.00,S,N,A,-,Y,,,5,,,,,,S,Y,2,0,1,1,A,-,08,22107,,N,F,I,A,A,H,-,A,D,0,,,Y,,Y,,C,02,1,0,0,0,0,0,0,0,1,"- ","- ",39.991680145263672,-122.20459747314453,TEHAMA,UNINCORPORATED,-122.20462799072266,39.991676330566406
91653355,2021,2021-12-15,9130,2021-12-04,1715,020580,,6,2,9,5200,0,1,1,,2,051,"I5 S/B","BOWMAN RD.",290.00,N,N,A,-,Y,,,,,,,,,,Y,2,0,1,1,A,-,01,23152,A,N,F,A,A,A,H,-,D,D,0,,,,,Y,Y,D,22,1,0,0,0,0,0,0,0,0,"- ","- ",40.36859130859375,-122.28481292724609,TEHAMA,UNINCORPORATED,-122.28437042236328,40.368301391601562
91676961,2022,2022-01-13,9130,2022-01-01,1445,020158,,6,2,9,5200,0,3,5,,2,010,"RIDGE RD.","HAPPY TRAILS DR.",13728.00,W,N,A,-,N,,,,,,,,,,Y,2,0,1,1,A,-,01,23152,A,N,E,I,A,A,H,-,A,D,0,,,,,Y,Y,D,22,1,0,0,0,0,0,0,0,0,"- ","- ",40.122501373291016,-122.37669372558594,TEHAMA,UNINCORPORATED,-122.37570190429688,40.123176574707031
91689098,2022,2022-01-31,9130,2022-01-26,1450,019110,,3,2,9,5200,0,3,5,,2,020,"13940 MENDENHALL RD","PLYMIRE RD",260.00,S,N,A,-,N,,,,,,,,,,N,2,0,1,1,B,-,22,,,N,E,J,A,A,H,-,A,D,0,,,Y,,Y,,C,06,1,0,0,0,0,0,0,0,1,"- ","- ",40.200351715087891,-122.28218078613281,TEHAMA,UNINCORPORATED,-122.2843017578125,40.200416564941406
91717055,2022,2022-03-07,9130,2022-02-26,0047,020579,,6,3,9,5200,0,1,3,,1,041,SR-99E,"VINA RD",2218.00,N,N,A,-,Y,,,,,,,,,,Y,2,0,3,2,A,-,01,23152,A,N,B,C,A,A,H,-,D,D,0,,,,Y,Y,Y,A,01,1,2,0,0,0,0,0,0,0,"- ","- ",39.955928802490234,-122.05152893066406,TEHAMA,UNINCORPORATED,-122.0516357421875,39.945056915283203
91719034,2022,2022-03-17,9130,2022-03-02,0115,019041,,3,3,9,5200,0,3,5,,2,030,"LAKE CALIFORNIA DR","DEL MAR DRIVE",6336.00,E,N,A,-,N,,,,,,,,,,Y,2,0,2,1,A,-,01,23152,A,N,E,I,A,A,H,-,D,D,0,,,,,Y,Y,D,22,1,1,0,0,0,0,0,0,0,"- ","- ",40.336688995361328,-122.25643157958984,TEHAMA,UNINCORPORATED,,
91728250,2022,2022-03-21,9130,2022-03-19,0440,020579,,6,3,9,5200,0,3,5,,2,020,"GYLE RD","LONG DIRT RD",1478.00,E,N,B,-,N,,,,,,,,,,N,2,0,2,1,A,-,08,22107,,F,F,A,A,A,H,-,D,D,0,,,,,Y,,A,07,1,0,1,0,0,0,0,0,0,"- ","- ",40.001331329345703,-122.24889373779297,TEHAMA,UNINCORPORATED,,
91765320,2022,2022-05-05,9130,2022-03-07,1829,019792,,1,2,9,5200,0,2,4,,2,042,"SOUTH AVENUE","KIRKWOOD ROAD",0.00,,Y,B,-,N,,,,,,,,,,Y,1,1,0,2,A,-,09,21801,A,N,D,C,A,A,H,-,D,D,0,,,,,Y,,A,01,0,0,0,0,0,0,0,0,0,"- ","- ",39.90631103515625,-122.17848205566406,TEHAMA,UNINCORPORATED,-122.17854309082031,39.906295776367188
91778512,2022,2022-05-24,9130,2022-05-14,2330,020158,,6,3,9,5200,0,1,1,,2,051,"I-5 N/B","RIVERSIDE AVE.",605.00,N,N,A,-,Y,TEH,,5,,R,23.503,H,,R,Y,2,0,1,1,C,-,18,,,N,H,A,A,A,H,-,D,D,0,,,,,Y,,-,"- ",1,0,0,0,0,0,0,0,0,"- ","- ",40.137870788574219,-122.22048950195312,TEHAMA,UNINCORPORATED,-122.22064971923828,40.137851715087891
91784307,2022,2022-05-30,9130,2022-05-13,1635,019110,,5,2,9,5200,0,3,5,,2,010,"REEDS CREEK RD","JOHNSON RD",2035.00,E,N,A,-,N,,,,,,,,,,Y,1,1,1,2,A,-,03,22350,,N,A,C,A,A,H,-,A,D,0,,,Y,,Y,,C,02,0,1,0,0,0,0,0,1,0,"- ","- ",40.157821655273438,-122.34909820556641,TEHAMA,UNINCORPORATED,-122.34914398193359,40.157829284667969
91789159,2022,2022-06-06,9130,2022-05-22,1845,019714,,7,2,9,5200,0,2,4,,2,043,"ROAD 99W","GYLE ROAD",0.00,,Y,A,-,N,,,,,,,,,,Y,2,0,1,2,A,-,09,21802,A,N,D,C,A,A,H,-,A,D,0,,,,,Y,,A,07,1,0,0,0,0,0,0,0,0,"- ","- ",40.005508422851562,-122.17198181152344,TEHAMA,UNINCORPORATED,-122.17195892333984,40.005477905273438
91792965,2022,2022-06-10,9130,2022-06-03,0840,020158,,5,1,9,5200,0,1,1,,2,051,"I-5 N/B","MAIN ST.",2640.00,N,N,A,-,Y,TEH,,5,,,30.281,H,,R,Y,2,0,1,2,A,-,08,22107,,N,E,I,A,A,H,-,A,D,0,,,,,Y,,A,01,1,0,0,0,0,0,0,0,0,"- ","- ",40.208911895751953,-122.24677276611328,TEHAMA,UNINCORPORATED,-122.24655151367188,40.208961486816406
91812822,2022,2022-07-08,9130,2022-06-26,2200,019041,,7,3,9,5200,0,1,3,,1,032,SR-36,"PONDEROSA WAY",80.00,W,N,A,-,Y,,,,,,,,,,Y,2,0,2,1,C,-,18,,,N,H,H,A,A,D,-,D,D,0,,,Y,,Y,,-,"- ",2,0,0,0,0,0,0,0,2,"- ","- ",40.346920013427734,-122.76426696777344,TEHAMA,UNINCORPORATED,-121.7642822265625,40.346874237060547
91831596,2022,2022-08-02,9130,2022-05-13,1455,019792,,5,2,9,5200,0,1,3,,1,041,SR-99,"SINGER CREEK",80.00,S,N,A,-,Y,,,,,,,,,,Y,1,1,2,3,A,-,05,21650,,F,A,A,A,A,H,-,A,D,0,,,,,Y,,A,01,2,0,0,0,0,0,0,0,0,"- ","- ",39.885818481445312,-122.97918701171875,TEHAMA,UNINCORPORATED,,
91845849,2022,2022-08-22,9140,2022-08-06,1245,021238,,6,1,9,5200,0,3,5,,2,060,"FOREST ROUTE 27N08","FOREST ROUTE 27N21",1584.00,W,N,A,-,N,,,,,,,,,,Y,2,0,1,1,B,-,22,,,N,E,I,A,A,H,-,A,D,0,,,Y,,Y,,-,"- ",1,0,0,0,0,0,0,0,1,"- ","- ",40.178119659423828,-121.66268157958984,TEHAMA,UNINCORPORATED,,
91850193,2022,2022-08-26,9130,2022-08-10,2124,020579,,3,2,9,5200,0,1,3,,1,031,"SR-99 N/B","SALT CREEK RD",360.00,S,N,A,-,Y,TEH,,99,,,22.885,H,,R,Y,1,1,0,1,A,-,01,23152,G,N,E,8,A,A,H,-,D,D,0,,,,,Y,Y,A,01,0,0,0,0,0,0,0,0,0,"- ","- ",40.167659759521484,-122.15824127197266,TEHAMA,UNINCORPORATED,-122.158203125,40.167716979980469
91857355,2022,2022-09-05,9130,2022-08-26,0800,019742,,5,1,9,5200,0,1,1,,2,051,"I-5 NORTHBOUND","HOOKER CREEK ROAD",6864.00,N,N,A,-,Y,TEH,,5,,,37.632,H,,R,Y,2,0,1,1,A,-,08,22107,,N,E,I,A,A,H,-,A,D,0,,,,,Y,,A,07,1,0,0,0,0,0,0,0,0,"- ","- ",40.311298370361328,-122.2799072265625,TEHAMA,UNINCORPORATED,-122.27999114990234,40.311298370361328
91894157,2022,2022-10-19,9130,2022-10-11,0932,018083,,2,1,9,5200,0,3,5,,2,030,"BELLE MILLE ROAD","DAMON AVENUE",140.00,W,N,A,-,N,,,,,,,,,,Y,2,0,2,1,A,-,08,22107,,N,E,I,A,A,H,-,A,D,0,,,,,Y,,A,01,2,0,0,0,0,0,0,0,0,"- ","- ",40.186161041259766,-122.21289825439453,TEHAMA,UNINCORPORATED,-122.21292877197266,40.186214447021484
91911795,2022,2022-11-23,9140,2022-11-02,1353,021815,,3,1,9,5200,0,1,3,,2,061,SR-36,"SR-172 (MILL CREEK)",5280.00,W,N,D,-,Y,TEH,,36,,,90.225,H,,R,Y,2,0,1,2,A,-,03,22350,,N,A,C,A,C,E,-,D,D,0,,,,,Y,,D,22,1,0,0,0,0,0,0,0,0,"- ","- ",40.354259490966797,-121.52628326416016,TEHAMA,UNINCORPORATED,-121.52627563476562,40.354301452636719
91915245,2022,2022-11-10,9140,2022-11-02,2230,021034,,3,3,9,5200,0,1,3,,2,062,"STATE ROUTE 32",SR-36,33792.00,W,N,B,-,Y,TEH,,32,,,18.449,H,,R,Y,2,0,1,1,A,-,08,22107,,N,F,0,A,C,B,E,D,D,0,,,,,Y,,A,01,1,0,0,0,0,0,0,0,0,"- ","- ",40.218898773193359,-121.48577880859375,TEHAMA,UNINCORPORATED,-121.4857177734375,40.218944549560547