CASE_ID,ACCIDENT_YEAR,PROC_DATE,JURIS,COLLISION_DATE,COLLISION_TIME,OFFICER_ID,REPORTING_DISTRICT,DAY_OF_WEEK,CHP_SHIFT,POPULATION,CNTY_CITY_LOC,SPECIAL_COND,BEAT_TYPE,CHP_BEAT_TYPE,CITY_DIVISION_LAPD,CHP_BEAT_CLASS,BEAT_NUMBER,PRIMARY_RD,SECONDARY_RD,DISTANCE,DIRECTION,INTERSECTION,WEATHER_1,WEATHER_2,STATE_HWY_IND,CALTRANS_COUNTY,CALTRANS_DISTRICT,STATE_ROUTE,ROUTE_SUFFIX,POSTMILE_PREFIX,POSTMILE,LOCATION_TYPE,RAMP_INTERSECTION,SIDE_OF_HWY,TOW_AWAY,COLLISION_SEVERITY,NUMBER_KILLED,NUMBER_INJURED,PARTY_COUNT,PRIMARY_COLL_FACTOR,PCF_CODE_OF_VIOL,PCF_VIOL_CATEGORY,PCF_VIOLATION,PCF_VIOL_SUBSECTION,HIT_AND_RUN,TYPE_OF_COLLISION,MVIW,PED_ACTION,ROAD_SURFACE,ROAD_COND_1,ROAD_COND_2,LIGHTING,CONTROL_DEVICE,CHP_ROAD_TYPE,PEDESTRIAN_ACCIDENT,BICYCLE_ACCIDENT,MOTORCYCLE_ACCIDENT,TRUCK_ACCIDENT,NOT_PRIVATE_PROPERTY,ALCOHOL_INVOLVED,STWD_VEHTYPE_AT_FAULT,CHP_VEHTYPE_AT_FAULT,COUNT_SEVERE_INJ,COUNT_VISIBLE_INJ,COUNT_COMPLAINT_PAIN,COUNT_PED_KILLED,COUNT_PED_INJURED,COUNT_BICYCLIST_KILLED,COUNT_BICYCLIST_INJURED,COUNT_MC_KILLED,COUNT_MC_INJURED,PRIMARY_RAMP,SECONDARY_RAMP,LATITUDE,LONGITUDE,COUNTY,CITY,POINT_X,POINT_Y
91936273,2022,2022-12-07,9130,2022-11-27,0708,020579,,7,1,9,5200,0,1,1,,2,052,"I-5 S/B","SOUTH AVE",1536.00,S,N,A,-,Y,TEH,,5,,R,7.193,H,,L,Y,2,0,3,2,A,-,01,23152,F,N,C,2,A,A,H,-,A,D,0,,,,Y,Y,,A,01,2,0,1,0,0,0,0,0,0,"- ","- ",39.902278900146484,-122.20034027099609,TEHAMA,UNINCORPORATED,-122.20034027099609,39.902278900146484
91993422,2022,2023-02-13,9130,2022-06-12,1208,018812,,7,1,9,5200,0,1,3,,1,031,SR-99,"ARCH ST",656.00,W,N,C,-,N,,,,,,,,,,Y,1,1,0,1,A,-,01,23152,F,N,E,I,A,B,H,-,A,D,0,,,,,Y,,A,01,0,0,0,0,0,0,0,0,0,"- ","- ",40.185600280761719,-122.18055725097656,TEHAMA,UNINCORPORATED,-122.18058013916016,40.185497283935547
92009094,2023,2023-03-03,9130,2023-02-18,1138,018710,,6,1,9,5200,0,3,5,,2,020,"PASKENTA RD","RANCHO TEHAMA RD",90.00,N,N,A,-,N,,,,,,,,,,Y,2,0,1,2,A,-,08,22107,,N,A,C,A,A,H,-,A,D,0,,,Y,,Y,,C,02,1,0,0,0,0,0,0,0,1,"- ","- ",40.030620574951172,-122.29280853271484,TEHAMA,UNINCORPORATED,-122.29286956787109,40.030574798583984
92011275,2023,2023-03-07,9130,2023-02-26,"140 ",022449,,7,3,9,5200,0,3,5,,2,020,"CORNING ROAD","GLENN RD",4224.00,W,N,A,-,N,,,,,,,,,,Y,2,0,1,1,A,-,08,22107,,N,E,I,A,A,H,-,D,D,0,,,,,Y,,D,22,1,0,0,0,0,0,0,0,0,"- ","- ",39.922000885009766,-122.32511901855469,TEHAMA,UNINCORPORATED,-122.32275390625,39.92205810546875
92011431,2023,2023-03-07,9130,2023-02-26,1610,022516,,7,2,9,5200,0,1,1,,2,052,"SOUTHBOUND I-5","TEHAMA AVE",5808.00,N,N,C,-,Y,TEH,,5," ",R,17.141,H,,R,Y,2,0,2,2,A,-,08,22107,,N,D,C,A,B,F,-,A,D,0,,,,,Y,,A,01,1,0,1,0,0,0,0,0,0,"- ","- ",40.045810699462891,-122.21343231201172,TEHAMA,UNINCORPORATED,-122.21316528320312,40.045833587646484
92021099,2023,2023-03-17,9130,2023-03-15,1102,018710,,3,1,9,5200,0,1,3,,1,041,"STATE ROUTE 99","ROWLES RD",18.00,S,N,A,G,Y,TEH,,99," "," ",2.771,H,,R,Y,2,0,3,2,A,-,09,21801,A,N,A,C,A,A,H,-,A,A,0,,,,,Y,,D,22,1,1,1,0,0,0,0,0,0,"- ","- ",39.913139343261719,-122.01162719726562,TEHAMA,UNINCORPORATED,-122.01161956787109,39.91314697265625
92028181,2023,2023-03-24,9130,2023-03-20,2315,019041,,1,3,9,5200,0,3,5,,2,030,"SAN BENITO AVENUE","COUNTY ROAD 99W",155.00,E,N,A,-,N,,,,,,,,,,Y,2,0,1,1,A,-,08,22107,,N,E,I,A,A,H,-,D,D,0,,,,,Y,,D,22,1,0,0,0,0,0,0,0,0,"- ","- ",40.081871032714844,-122.17059326171875,TEHAMA,UNINCORPORATED,-122.17056274414062,40.081657409667969
92074696,2023,2023-05-22,9130,2023-02-04,"330 ",021060,,6,3,9,5200,0,1,1,,2,051,"INTERSTATE 5 NORTHBOUND","ADOBE RD",4224.00,N,N,A,-,Y,TEH,,5," ",R,28.195,H,,R,Y,1,1,0,1,A,-,01,23152,A,N,E,I,A,A,H,-,D,A,0,,,,,Y,Y,A,01,0,0,0,0,0,0,0,0,0,"- ","- ",40.201061248779297,-122.24215698242188,TEHAMA,UNINCORPORATED,-122.24210357666016,40.201084136962891
92075785,2022,2023-05-24,9130,2022-12-24,1411,022516,,6,2,9,5200,0,1,1,,2,521,"SOUTHBOUND I-5 CORNING REST AREA","SOUTHBOUND I-5",170.00,W,N,A,-,Y,,,,,,,,,,N,1,1,0,2,A,-,21,22106,,N,G,B,E,A,H,-,A,D,0,Y,,,Y,Y,,F,25,0,0,0,1,0,0,0,0,0,"- ","- ",39.947120666503906,-122.2015380859375,TEHAMA,UNINCORPORATED,,
92081015,2023,2023-05-30,9130,2023-05-19,1955,020158,,5,2,9,5200,0,3,5,,2,040,"JOSEPHINE ST","SHERWOOD BLVD.",76.00,E,N,A,-,N,,,,,,,,,,Y,2,0,2,1,A,-,08,22107,,N,F,A,A,A,H,-,A,D,0,,,,,Y,,A,07,1,1,0,0,0,0,0,0,0,"- ","- ",40.022991180419922,-122.09603881835938,TEHAMA,UNINCORPORATED,-122.09609222412109,40.022991180419922
92101778,2023,2023-06-26,9130,2023-06-22,"515 ",020158,,4,3,9,5200,0,3,5,,2,010,"WILDER RD.","REEDS CREEK RD",355.00,S,N,A,-,N,,,,,,,,,,Y,2,0,1,1,A,-,08,22107,,N,E,I,A,A,H,-,D,D,0,,,,,Y,,A,01,1,0,0,0,0,0,0,0,0,"- ","- ",40.163848876953125,-122.27536010742188,TEHAMA,UNINCORPORATED,-122.27533721923828,40.163913726806641
92115281,2023,2023-07-12,9130,2023-07-08,1510,020810,,6,2,9,5200,0,3,5,,2,020,"PASKENTA RD","OSBORN RD",6864.00,W,N,A,-,N,,,,,,,,,,Y,2,0,4,1,A,-,08,22107,,N,E,8,A,A,H,-,A,D,0,,,,,Y,,A,07,1,0,3,0,0,0,0,0,0,"- ","- ",39.917461395263672,-122.47238159179688,TEHAMA,UNINCORPORATED,-122.47113800048828,39.917873382568359
9211612,2020,2021-02-18,5202,2020-08-08,1845,1668,RBPD,6,5,3,5202,0,0,0,,0,,"THISTLE ST","LARKSPUR CT",26.00,S,N,A,-,N,,,,,,,,,,N,1,1,0,2,C,-,18,,,F,H,A,A,A,H,-,A,D,0,,,,,Y,,-,"- ",0,0,0,0,0,0,0,0,0,"- ","- ",40.163890838623047,-122.24484252929688,TEHAMA,"RED BLUFF",-122.24492645263672,40.163818359375
92146285,2023,2023-08-17,9130,2023-08-10,2000,020810,,4,2,9,5200,0,3,5,,2,020,"ROUND VALLEY RD","MUDFLAT ROAD",3168.00,W,N,A,-,N,,,,,,,,,,N,2,0,1,1,A,-,01,23152,A,N,E,I,A,A,H,-,B,D,0,,,,,Y,Y,D,22,1,0,0,0,0,0,0,0,0,"- ","- ",39.831939697265625,-122.63185119628906,TEHAMA,UNINCORPORATED,-122.63168334960938,39.835430145263672
92197087,2023,2023-10-12,9130,2023-10-09,"235 ",019041,,1,3,9,5200,0,1,3,,1,012,SR-36,"FRONTIER DRIVE",710.00,W,N,A,-,Y,TEH,,36," ",R,32.648,H,,R,Y,2,0,1,1,A,-,01,23152,A,N,E,I,A,A,H,-,D,D,0,,,,,Y,Y,A,01,1,0,0,0,0,0,0,0,0,"- ","- ",40.220188140869141,-122.36073303222656,TEHAMA,UNINCORPORATED,-122.36073303222656,40.220207214355469
92203604,2023,2023-10-19,9130,2023-10-09,1222,019714,,1,1,9,5200,0,3,5,,2,020,"CORNING RD","GLENN RD",660.00,W,N,A,-,N,,,,,,,,,,N,2,0,1,1,A,-,08,22107,,N,E,I,A,A,H,-,A,D,0,,,,,Y,,A,07,1,0,0,0,0,0,0,0,0,"- ","- ",39.921951293945312,-122.308837890625,TEHAMA,UNINCORPORATED,-122.31004333496094,39.921901702880859
92222537,2023,2023-10-30,9130,2023-08-02,2500,018710,,3,4,9,5200,0,3,5,,2,020,"RAWSON ROAD","GYLE ROAD",1423.00,S,N,A,-,N,,,,,,,,,,Y,1,1,0,1,A,-,03,22350,,N,H,H,A,A,H,-,D,D,0,,,Y,,Y,,C,02,0,0,0,0,0,0,0,1,0,"- ","- ",39.996978759765625,-122.22532653808594,TEHAMA,UNINCORPORATED,-122.22531127929688,39.996982574462891
92235763,2023,2024-06-25,9130,2023-11-08,1515,018710,,3,2,9,5200,0,3,5,,2,010,"WALNUT STREET","BAKER ROAD",0.00,,Y,A,-,N,,,,,,,,,,Y,2,0,3,2,A,-,09,21802,A,N,A,C,A,A,H,-,A,A,0,,,,,Y,,A,01,1,1,1,0,0,0,0,0,0,"- ","- ",40.168411254882812,-122.26107788085938,TEHAMA,UNINCORPORATED,-122.26107788085938,40.168411254882812
92243129,2023,2023-11-22,9130,2023-11-19,"530 ",020735,,7,3,9,5200,0,3,5,,2,020,"RANCHO TEHAMA RD","STAGECOACH RD",3168.00,E,N,A,-,N,,,,,,,,,,Y,2,0,2,1,A,-,01,23152,F,N,E,8,A,A,H,-,D,D,0,,,,,Y,,D,22,1,1,0,0,0,0,0,0,0,"- ","- ",40.015499114990234,-122.37326049804688,TEHAMA,UNINCORPORATED,-122.38812255859375,40.013156890869141
92259802,2023,2023-12-12,9130,2023-12-04,1440,019714,,1,2,9,5200,0,2,4,,2,034,"ROAD 99W","TEHAMA AVE",0.00,,Y,A,-,N,,,,,,,,,,N,2,0,3,2,A,-,01,23152,A,M,A,C,A,A,H,-,A,D,0,,,,,Y,Y,-,"- ",2,1,0,0,0,0,0,0,0,"- ","- ",40.026008605957031,-122.17179870605469,TEHAMA,UNINCORPORATED,,
92262064,2023,2023-12-14,9130,2023-12-12,1905,020212,,2,2,9,5200,0,3,5,,2,020,"RANCHO TEHAMA RD","WHITE OAK ROAD",85.00,W,N,A,-,N,,,,,,,,,,Y,2,0,3,2,A,-,05,21650,,F,A,C,A,A,H,-,D,D,0,,,,,Y,,-,99,1,0,2,0,0,0,0,0,0,"- ","- ",40.016769409179688,-122.40866088867188,TEHAMA,UNINCORPORATED,-122.40861511230469,40.016746520996094
92295749,2024,2024-01-24,9130,2024-01-16,2319,022449,,2,3,9,5200,0,1,1,,2,051,"I-5 S/B TO S. MAIN ST.","SOUTH MAIN ST.",95.00,S,N,B,-,Y,,,,,,,,,,Y,2,0,1,1,A,-,08,22107,,N,E,I,A,B,H,-,C,D,0,,,,,Y,,A,01,1,0,0,0,0,0,0,0,0,"- ","- ",40.15576171875,-122.22427368164062,TEHAMA,UNINCORPORATED,-122.22427368164062,40.15576171875
92323640,2024,2024-02-27,9130,2024-02-13,1529,019714,,2,2,9,5200,0,3,5,,2,010,SR-99,"62ND AVE",41.00,S,N,A,-,Y,TEH,,99," "," ",16.783,H,,R,N,2,0,1,1,A,-,08,22107,,N,F,A,A,A,H,-,A,D,0,,,Y,,Y,,-,"- ",1,0,0,0,0,0,0,0,1,"- ","- ",40.092731475830078,-122.10090637207031,TEHAMA,UNINCORPORATED,-122.10084533691406,40.092739105224609
92326480,2024,2024-02-29,9130,2024-02-13,1435,019714,,2,2,9,5200,0,2,4,,2,034,"ROAD 99W","TEHAMA AVE",25.00,N,N,A,-,N,,,,,,,,,,N,2,0,1,2,A,-,09,21801,A,N,D,C,A,A,H,-,A,D,0,,,Y,,Y,,C,02,1,0,0,0,0,0,0,0,1,"- ","- ",40.026180267333984,-122.17170715332031,TEHAMA,UNINCORPORATED,,
92388485,2024,2024-05-13,9130,2024-03-22,"854 ",021060,,5,1,9,5200,0,1,3,,1,041,"STATE ROUTE 99","PALM STREET",400.00,S,N,A,-,Y,TEH,,99," "," ",11.629,H,,R,Y,1,1,1,2,A,-,05,21460,A,N,A,C,A,A,H,-,A,D,0,,,,,Y,,A,01,1,0,0,0,0,0,0,0,0,"- ","- ",40.018108367919922,-122.0986328125,TEHAMA,UNINCORPORATED,-122.09862518310547,40.018112182617188
92412311,2024,2024-06-12,9140,2024-06-04,1840,021043,,2,2,9,5200,0,1,3,,2,062,"STATE ROUTE 32","USFS ROAD 27N08",5808.00,W,N,A,-,Y,TEH,,32," "," ",8.360,H,,R,Y,2,0,1,1,A,-,01,23152,A,N,E,9,A,A,H,-,A,D,0,,,,,Y,Y,D,22,1,0,0,0,0,0,0,0,0,"- ","- ",40.139930725097656,-121.58650970458984,TEHAMA,UNINCORPORATED,-121.58650207519531,40.139900207519531
92418814,2024,2025-08-26,9130,2024-05-13,"438 ",019041,,1,3,9,5200,0,2,4,,2,013,"BOWMAN ROAD","DRAPER ROAD",90.00,E,N,A,-,N,,,,,,,,,,Y,1,2,1,2,A,-,05,21460,A,N,A,C,A,A,H,-,D,D,0,,,,,Y,,A,07,1,0,0,0,0,0,0,0,0,"- ","- ",40.36737060546875,-122.29374694824219,TEHAMA,UNINCORPORATED,-122.29366302490234,40.367397308349609
9361380,2021,2021-12-08,5202,2021-10-30,1927,0781,RBPD,6,5,3,5202,0,0,0,,0,,"RT 36","SALE LN",0.00,,Y,A,-,Y,TEH,2,36,-,-,42.180,I,5,W,Y,2,0,1,2,A,-,12,21453,A,N,A,C,A,A,H,-,C,A,0,,,,,Y,,D,22,1,0,0,0,0,0,0,0,0,"- ","- ",40.182960510253906,-122.21964263916016,TEHAMA,"RED BLUFF",-122.219482421875,40.183170318603516
94356321,2024,2024-08-15,9130,2024-08-04,2200,019041,,7,3,9,5200,0,3,5,,2,010,"RIDGE ROAD","BURNING TREE ROAD",470.00,E,N,A,-,N,,,,,,,,,,N,2,0,3,1,A,-,08,22107,,N,F,A,A,A,B,-,D,D,0,,,Y,,Y,Y,C,06,2,1,0,0,0,0,0,0,3,"- ","- ",40.114120483398438,-122.42539215087891,TEHAMA,UNINCORPORATED,-122.42546844482422,40.114177703857422
94362829,2024,2024-08-20,9130,2024-08-09,1713,019714,,5,2,9,5200,0,2,4,,2,042,"SOUTH AVE","HOUGHTON AVE",0.00,,Y,A,-,N,,,,,,,,,,N,2,0,4,4,A,-,03,22350,,N,C,2,A,A,H,-,A,D,0,,,,,Y,,D,22,1,2,1,0,0,0,0,0,0,"- ","- ",39.906368255615234,-122.18743133544922,TEHAMA,UNINCORPORATED,-122.18824768066406,39.906414031982422
94402844,2024,2024-10-15,9130,2024-09-02,1636,015824,,1,2,9,5200,0,3,5,,2,030,"MANTON RD","LANES VALLEY RD",5808.00,S,N,A,-,N,,,,,,,,,,Y,1,1,0,1,A,-,01,23152,A,N,F,0,A,A,H,-,A,D,0,,,,,Y,Y,A,01,0,0,0,0,0,0,0,0,0,"- ","- ",40.396499633789062,-122.00528717041016,TEHAMA,UNINCORPORATED,-122.00382232666016,40.397834777832031
94408247,2024,2024-09-25,9130,2024-09-14,"655 ",020754,,6,1,9,5200,0,2,4,,2,013,"BOWMAN ROAD","LANDES ROAD",0.00,,Y,A,-,N,,,,,,,,,,N,2,0,1,1,A,-,01,23152,A,N,F,A,A,A,H,-,A,D,0,,,Y,,Y,Y,C,02,1,0,0,0,0,0,0,0,1,"- ","- ",40.343700408935547,-122.35453033447266,TEHAMA,UNINCORPORATED,-122.35456848144531,40.343723297119141
94410024,2024,2024-09-26,9130,2024-09-06,1419,020754,,5,2,9,5200,0,1,3,,1,032,SR-36,"PAYNES CREEK LOOP",5808.00,W,N,A,-,Y,TEH,,36," "," ",62.763,H,,R,Y,1,1,0,2,A,-,03,22350,,N,A,2,A,A,H,-,A,D,0,,,,Y,Y,Y,A,01,0,0,0,0,0,0,0,0,0,"- ","- ",40.324661254882812,-121.94091033935547,TEHAMA,UNINCORPORATED,-121.94091796875,40.324672698974609
94443885,2024,2024-10-24,9130,2024-10-12,"200 ",022516,,6,3,9,5200,0,3,5,,2,020,"RIVERSIDE AVE","RAWSON ROAD",528.00,E,N,A,-,N,,,,,,,,,,Y,2,0,1,1,A,-,08,22107,,N,E,I,A,A,H,-,D,D,0,,,,,Y,Y,A,01,1,0,0,0,0,0,0,0,0,"- ","- ",40.132728576660156,-122.22895050048828,TEHAMA,UNINCORPORATED,-122.23504638671875,40.130191802978516
94457721,2024,2024-11-22,9130,2024-10-26,"345 ",022516,,6,3,9,5200,0,3,5,,2,010,"PINE CREEK ROAD","REEDS CREEK ROAD",120.00,N,N,A,-,N,,,,,,,,,,Y,2,0,1,1,A,-,01,23152,A,N,E,8,A,A,H,-,D,D,0,,,,,Y,Y,A,01,1,0,0,0,0,0,0,0,0,"- ","- ",40.164638519287109,-122.28942108154297,TEHAMA,UNINCORPORATED,-122.288818359375,40.164234161376953
94604108,2025,2025-03-18,9130,2025-01-04,"535 ",019714,,6,3,9,5200,0,1,3,,1,041,"STATE ROUTE 99E","MAREK ROAD",0.00,,Y,A,-,Y,TEH,,99," "," ",13.050,H,,R,N,1,1,0,2,A,-,11,21956,A,N,G,B,E,A,H,-,D,D,0,Y,,,,Y,,N,60,0,0,0,1,0,0,0,0,0,"- ","- ",40.038669586181641,-122.09998321533203,TEHAMA,UNINCORPORATED,-122.09994506835938,40.038669586181641
94643308,2024,2025-04-09,9140,2024-12-08,1353,021238,,7,1,9,5200,0,1,3,,2,062,"STATE ROUTE 32 (SR-32)","FOREST ROUTE 27N08",3696.00,W,N,A,-,Y,TEH,,32," "," ",8.643,H,,R,Y,1,1,1,1,A,-,08,22107,,N,E,8,A,A,H,-,A,D,0,,,,,Y,,D,22,1,0,0,0,0,0,0,0,0,"- ","- ",40.143150329589844,-121.58458709716797,TEHAMA,UNINCORPORATED,-121.58457183837891,40.143146514892578
94652396,2024,2025-04-16,9140,2024-10-11,1725,016169,,5,2,9,5200,0,1,3,,2,062,"STATE ROUTE 32 (SR-32)","DEER CREEK BRIDGE AT ALDER CREEK CAMPGROUND",5280.00,E,N,A,-,Y,TEH,,32," "," ",18.454,H,,R,Y,1,1,0,1,A,-,03,22350,,N,F,8,A,A,H,-,A,D,0,,,,,Y,,A,01,0,0,0,0,0,0,0,0,0,"- ","- ",40.218860626220703,-121.48567962646484,TEHAMA,UNINCORPORATED,-121.48564910888672,40.218891143798828
94701723,2025,2025-05-27,9130,2025-05-20,1510,019434,,2,2,9,5200,0,3,5,,2,010,"WALNUT STREET","BAKER ROAD",30.00,E,N,A,-,N,,,,,,,,,,Y,2,0,1,2,A,-,09,21802,A,N,A,C,A,A,H,-,A,A,0,,,,,Y,,A,01,1,0,0,0,0,0,0,0,0,"- ","- ",40.168369293212891,-122.26091003417969,TEHAMA,UNINCORPORATED,-122.26097106933594,40.168407440185547
94734902,2025,2025-06-23,9140,2025-06-08,1502,024110,,7,2,9,5200,0,1,3,,2,062,SR-32,"TEH 15.05 MPM",186.00,E,N,A,-,Y,TEH,,32," "," ",15.138,H,,R,Y,2,0,1,1,A,-,08,22107,,N,E,I,A,A,H,-,A,D,0,,,,Y,Y,,F,55,1,0,0,0,0,0,0,0,0,"- ","- ",40.193538665771484,-121.52835845947266,TEHAMA,UNINCORPORATED,-121.52840423583984,40.193557739257812
94768330,2025,2025-07-18,9130,2025-02-23,"21  ",022647,,7,3,9,5200,0,1,1,,2,052,"INTERSTATE 5 NORTHBOUND","LIBERAL AVENUE",2112.00,N,N,A,-,Y,TEH,,5," ",R,6.196,H,,R,Y,1,2,1,1,A,-,01,23152,A,N,E,8,A,A,H,-,D,D,0,,,,,Y,Y,A,01,1,0,0,0,0,0,0,0,0,"- ","- ",39.887870788574219,-122.20002746582031,TEHAMA,UNINCORPORATED,-122.19999694824219,39.887870788574219
9491888,2022,2022-09-26,5202,2022-08-26,2044,0781,RBPD,5,5,3,5202,0,0,0,,0,,"RT 36","WALNUT ST",0.00,,Y,A,-,Y,TEH,2,36,-,L,41.150,I,5,E,Y,2,0,1,2,A,-,17,21457,B,N,A,C,A,A,H,-,C,A,0,,,,,Y,,A,07,1,0,0,0,0,0,0,0,0,"- ","- ",40.178421020507812,-122.23577880859375,TEHAMA,"RED BLUFF",-122.23579406738281,40.178340911865234
9551052,2023,2023-03-07,5202,2023-02-12,1936,0201,RBPD,7,5,3,5202,0,0,0,,0,5202,"RT 36","MONROE AV",2640.00,W,N,A,-,Y,TEH,2,36,-,-,40.380,H,-,E,Y,2,0,3,2,A,-,01,23153,A,N,A,C,A,A,H,-,D,D,0,,,,,Y,Y,A,01,1,2,0,0,0,0,0,0,0,"- ","- ",40.2010498046875,-122.24613189697266,TEHAMA,"RED BLUFF",-122.25323486328125,40.205650329589844
9615884,2023,2023-10-23,5202,2023-09-20,"557 ",0781,RBPD,3,5,3,5202,0,0,0,,0,,"RT 36","GRANT ST",205.00,N,N,A,-,Y,TEH,2,36,-,L,40.830,H,-,E,Y,2,0,2,1,A,-,08,22107,,N,E,I,A,A,H,-,B,D,0,,,,,Y,,A,08,1,0,1,0,0,0,0,0,0,"- ","- ",40.182540893554688,-122.23906707763672,TEHAMA,"RED BLUFF",-122.23918914794922,40.182506561279297
9618720,2023,2024-01-20,5202,2023-11-16,1716,1042,,4,5,3,5202,0,0,0,,0,,"MAIN ST","ELM ST",93.00,N,N,A,-,N,,,,,,,,,,N,2,0,1,2,A,-,10,21950,A,N,G,B,B,A,H,-,E,B,0,Y,,,,Y,,A,01,1,0,0,0,1,0,0,0,0,"- ","- ",40.1756591796875,-122.23348999023438,TEHAMA,"RED BLUFF",-122.23359680175781,40.175975799560547
9640091,2023,2024-01-11,5202,2023-12-03,2036,2385,RBPD,7,5,3,5202,0,0,0,,0,,"RT 36","RT 5",250.00,E,N,B,-,Y,TEH,2,36,-,-,41.920,H,-,E,N,1,1,0,2,A,-,11,21954,A,N,G,B,D,A,H,-,C,D,0,Y,,,,Y,,N,60,0,0,0,1,0,0,0,0,0,"- ","- ",,,TEHAMA,"RED BLUFF",-122.22404479980469,40.181137084960938
9640728,2024,2024-08-20,5202,2024-07-12,1336,1042,RBPD,5,5,3,5202,0,0,0,,0,,"S JACKSON ST","SNOW MTN WY",25.00,N,N,A,-,N,,,,,,,,,,Y,1,1,1,2,A,-,00,23103,A,N,A,C,A,A,H,-,A,D,0,,,,,Y,,A,07,0,0,1,0,0,0,0,0,0,"- ","- ",,,TEHAMA,"RED BLUFF",-122.23789978027344,40.150600433349609
9735620,2024,2024-11-20,5202,2024-10-17,"946 ",1567,RBPD,4,5,3,5202,0,0,0,,0,,"RT 5","S MAIN ST",0.00,,Y,A,-,Y,TEH,2,5,-,R,24.565,R,3,S,Y,2,0,1,1,A,-,08,22107,,N,H,A,A,A,H,-,A,A,0,,,Y,,Y,,C,02,1,0,0,0,0,0,0,0,1,SO,"- ",,,TEHAMA,"RED BLUFF",-122.22380828857422,40.153171539306641
9757433,2024,2024-12-04,5202,2024-11-19,1908,2520,RBPD,2,5,3,5202,0,0,0,,0,,"WALNUT ST","JOHNSON ST",0.00,,Y,B,-,N,,,,,,,,,,N,2,0,1,2,A,-,11,21954,A,N,G,B,D,B,H,-,C,A,0,Y,,,,Y,,N,60,1,0,0,0,1,0,0,0,0,"- ","- ",40.174758911132812,-122.24298858642578,TEHAMA,"RED BLUFF",-122.24330902099609,40.174579620361328
9768494,2024,2025-01-24,5202,2024-11-26,1820,1567,RBPD,2,5,3,5202,0,0,0,,0,,"RT 36","GURNSEY RD",251.00,E,N,A,-,Y,TEH,2,36,-,-,42.470,H,-,E,N,2,0,1,2,A,-,11,21950,B,N,G,B,E,A,H,-,C,D,0,Y,,,,Y,,N,60,1,0,0,0,1,0,0,0,0,"- ","- ",40.185089111328125,-122.21514892578125,TEHAMA,"RED BLUFF",-122.21495819091797,40.185142517089844
9781364,2025,2025-02-12,5202,2025-01-30,1517,1075,RBPD,4,5,3,5202,0,0,0,,0,,"MONROE ST","DERBY RD",102.00,N,N,A,-,N,,,,,,,,,,Y,2,0,2,2,A,-,08,22107,,N,D,C,A,A,H,-,A,D,0,,,,,Y,,A,01,1,1,0,0,0,0,0,0,0,"- ","- ",,,TEHAMA,"RED BLUFF",-122.24690246582031,40.185234069824219
9802303,2025,2025-04-16,5202,2025-03-20,1402,1082,,4,5,3,5202,0,0,0,,0,,"WALNUT ST","PASKENTA RD",0.00,,Y,A,-,N,,,,,,,,,,Y,2,0,1,2,A,-,09,21801,A,N,D,C,A,A,H,-,A,D,0,,,Y,,Y,,A,01,1,0,0,0,0,0,0,0,1,"- ","- ",40.168369293212891,-122.25668334960938,TEHAMA,"RED BLUFF",-122.2567138671875,40.168369293212891
9807525,2025,2025-06-13,5202,2025-05-13,"759 ",0201,,2,5,3,5202,0,0,0,,0,,"JACKSON ST","WALNUT ST",132.00,S,N,A,-,N,,,,,,,,,,Y,2,0,3,2,A,-,08,22107,,N,D,C,A,A,H,-,A,A,0,,,,,Y,,A,01,1,0,2,0,0,0,0,0,0,"- ","- ",40.175670623779297,-122.24098968505859,TEHAMA,"RED BLUFF",-122.24069213867188,40.175445556640625
9811025,2025,2025-06-23,5202,2025-05-14,1249,0201,,3,5,3,5202,0,0,0,,0,,"GILMORE RD","HOWELL AV",254.00,N,N,A,-,N,,,,,,,,,,N,2,0,1,2,A,-,10,21950,A,N,G,B,D,A,H,-,A,D,0,Y,,,,Y,,A,07,1,0,0,0,1,0,0,0,0,"- ","- ",40.172019958496094,-122.22257232666016,TEHAMA,"RED BLUFF",-122.22345733642578,40.172531127929688
9826134,2025,2025-06-25,5202,2025-06-04,"902 ",0201,RBPD,3,5,3,5202,0,0,0,,0,5202,"LUTHER RD","METZGER ST",156.00,W,N,A,-,N,,,,,,,,,,Y,2,0,1,2,A,-,09,21801,A,N,D,C,A,A,A,B,A,D,0,,,Y,,Y,,A,01,1,0,0,0,0,0,0,0,1,"- ","- ",40.160800933837891,-122.22863006591797,TEHAMA,"RED BLUFF",-122.22908782958984,40.160820007324219
9828534,2025,2025-08-05,5202,2025-06-15,1128,1570,RBPD,7,5,3,5202,0,0,0,,0,,"WALTON AV","WASHINGTON AV",67.00,E,N,A,-,N,,,,,,,,,,N,2,0,1,3,A,-,01,23152,A,N,C,E,A,A,H,-,A,D,0,,,,Y,Y,Y,A,01,1,0,0,0,0,0,0,0,0,"- ","- ",40.190940856933594,-122.24130249023438,TEHAMA,"RED BLUFF",-122.24112701416016,40.190841674804688